Function Group,Name Without CAT,Name With Cat,Date,Start Time,End Time,Overview,Item with Cat,Item without Cat,Cat,Ticket,Category,Session Type,Prime Event,Gender,Details,Venue, Sell Price 
Boxing,Boxing 05/04 12:00 ,Boxing 05/04 12:00 CAT A,5 Apr 18,12:00,16:00,Boxing,BX0501A,BX0501,CAT,A,CAT A,Prelim,NO,M/W,Preliminaries,Oxenford Studios, $50.00 
Boxing,Boxing 05/04 12:00 ,Boxing 05/04 12:00 CAT B,5 Apr 18,12:00,16:00,Boxing,BX0501B,BX0501,CAT,B,CAT B,Prelim,NO,M/W,Preliminaries,Oxenford Studios, $25.00 
Boxing,Boxing 05/04 18:30 ,Boxing 05/04 18:30 CAT A,5 Apr 18,18:30,22:30,Boxing,BX0502A,BX0502,CAT,A,CAT A,Prelim,NO,M/W,Preliminaries,Oxenford Studios, $50.00 
Boxing,Boxing 05/04 18:30 ,Boxing 05/04 18:30 CAT B,5 Apr 18,18:30,22:30,Boxing,BX0502B,BX0502,CAT,B,CAT B,Prelim,NO,M/W,Preliminaries,Oxenford Studios, $25.00 
Boxing,Boxing 06/04 12:00 ,Boxing 06/04 12:00 CAT A,6 Apr 18,12:00,16:00,Boxing,BX0601A,BX0601,CAT,A,CAT A,Prelim,NO,M/W,Preliminaries,Oxenford Studios, $50.00 
Boxing,Boxing 06/04 12:00 ,Boxing 06/04 12:00 CAT B,6 Apr 18,12:00,16:00,Boxing,BX0601B,BX0601,CAT,B,CAT B,Prelim,NO,M/W,Preliminaries,Oxenford Studios, $25.00 
Boxing,Boxing 06/04 18:30 ,Boxing 06/04 18:30 CAT A,6 Apr 18,18:30,22:30,Boxing,BX0602A,BX0602,CAT,A,CAT A,Prelim,NO,M/W,Preliminaries,Oxenford Studios, $50.00 
Boxing,Boxing 06/04 18:30 ,Boxing 06/04 18:30 CAT B,6 Apr 18,18:30,22:30,Boxing,BX0602B,BX0602,CAT,B,CAT B,Prelim,NO,M/W,Preliminaries,Oxenford Studios, $25.00 
Boxing,Boxing 07/04 12:00 ,Boxing 07/04 12:00 CAT A,7 Apr 18,12:00,16:00,Boxing,BX0701A,BX0701,CAT,A,CAT A,Prelim,NO,M/W,Preliminaries,Oxenford Studios, $50.00 
Boxing,Boxing 07/04 12:00 ,Boxing 07/04 12:00 CAT B,7 Apr 18,12:00,16:00,Boxing,BX0701B,BX0701,CAT,B,CAT B,Prelim,NO,M/W,Preliminaries,Oxenford Studios, $25.00 
Boxing,Boxing 07/04 18:30 ,Boxing 07/04 18:30 CAT A,7 Apr 18,18:30,22:30,Boxing,BX0702A,BX0702,CAT,A,CAT A,Prelim,NO,M/W,Preliminaries,Oxenford Studios, $50.00 
Boxing,Boxing 07/04 18:30 ,Boxing 07/04 18:30 CAT B,7 Apr 18,18:30,22:30,Boxing,BX0702B,BX0702,CAT,B,CAT B,Prelim,NO,M/W,Preliminaries,Oxenford Studios, $25.00 
Boxing,Boxing 08/04 12:00 ,Boxing 08/04 12:00 CAT A,8 Apr 18,12:00,16:00,Boxing,BX0801A,BX0801,CAT,A,CAT A,Prelim,NO,M/W,Preliminaries,Oxenford Studios, $50.00 
Boxing,Boxing 08/04 12:00 ,Boxing 08/04 12:00 CAT B,8 Apr 18,12:00,16:00,Boxing,BX0801B,BX0801,CAT,B,CAT B,Prelim,NO,M/W,Preliminaries,Oxenford Studios, $25.00 
Boxing,Boxing 08/04 18:30 ,Boxing 08/04 18:30 CAT A,8 Apr 18,18:30,22:30,Boxing,BX0802A,BX0802,CAT,A,CAT A,Prelim,NO,M/W,Preliminaries,Oxenford Studios, $50.00 
Boxing,Boxing 08/04 18:30 ,Boxing 08/04 18:30 CAT B,8 Apr 18,18:30,22:30,Boxing,BX0802B,BX0802,CAT,B,CAT B,Prelim,NO,M/W,Preliminaries,Oxenford Studios, $25.00 
Boxing,Boxing 09/04 12:00 ,Boxing 09/04 12:00 CAT A,9 Apr 18,12:00,16:00,Boxing,BX0901A,BX0901,CAT,A,CAT A,Prelim,NO,M/W,Preliminaries,Oxenford Studios, $50.00 
Boxing,Boxing 09/04 12:00 ,Boxing 09/04 12:00 CAT B,9 Apr 18,12:00,16:00,Boxing,BX0901B,BX0901,CAT,B,CAT B,Prelim,NO,M/W,Preliminaries,Oxenford Studios, $25.00 
Boxing,Boxing 09/04 18:30 ,Boxing 09/04 18:30 CAT A,9 Apr 18,18:30,22:30,Boxing,BX0902A,BX0902,CAT,A,CAT A,Prelim,NO,M/W,Preliminaries,Oxenford Studios, $50.00 
Boxing,Boxing 09/04 18:30 ,Boxing 09/04 18:30 CAT B,9 Apr 18,18:30,22:30,Boxing,BX0902B,BX0902,CAT,B,CAT B,Prelim,NO,M/W,Preliminaries,Oxenford Studios, $25.00 
Boxing,Boxing 10/04 12:00 ,Boxing 10/04 12:00 CAT A,10 Apr 18,12:00,16:00,Boxing,BX1001A,BX1001,CAT,A,CAT A,Quarterfinal,NO,M/W,Quarterfinals,Oxenford Studios, $50.00 
Boxing,Boxing 10/04 12:00 ,Boxing 10/04 12:00 CAT B,10 Apr 18,12:00,16:00,Boxing,BX1001B,BX1001,CAT,B,CAT B,Quarterfinal,NO,M/W,Quarterfinals,Oxenford Studios, $25.00 
Boxing,Boxing 10/04 18:30 ,Boxing 10/04 18:30 CAT A,10 Apr 18,18:30,22:30,Boxing,BX1002A,BX1002,CAT,A,CAT A,Quarterfinal,NO,M/W,Quarterfinals,Oxenford Studios, $50.00 
Boxing,Boxing 10/04 18:30 ,Boxing 10/04 18:30 CAT B,10 Apr 18,18:30,22:30,Boxing,BX1002B,BX1002,CAT,B,CAT B,Quarterfinal,NO,M/W,Quarterfinals,Oxenford Studios, $25.00 
Boxing,Boxing 11/04 12:00 ,Boxing 11/04 12:00 CAT A,11 Apr 18,12:00,16:00,Boxing,BX1101A,BX1101,CAT,A,CAT A,Quarterfinal,NO,M/W,Quarterfinals,Oxenford Studios, $50.00 
Boxing,Boxing 11/04 12:00 ,Boxing 11/04 12:00 CAT B,11 Apr 18,12:00,16:00,Boxing,BX1101B,BX1101,CAT,B,CAT B,Quarterfinal,NO,M/W,Quarterfinals,Oxenford Studios, $25.00 
Boxing,Boxing 11/04 18:30 ,Boxing 11/04 18:30 CAT A,11 Apr 18,18:30,22:30,Boxing,BX1102A,BX1102,CAT,A,CAT A,Quarterfinal,NO,M/W,Quarterfinals,Oxenford Studios, $50.00 
Boxing,Boxing 11/04 18:30 ,Boxing 11/04 18:30 CAT B,11 Apr 18,18:30,22:30,Boxing,BX1102B,BX1102,CAT,B,CAT B,Quarterfinal,NO,M/W,Quarterfinals,Oxenford Studios, $25.00 
Boxing,Boxing 13/04 12:00 ,Boxing 13/04 12:00 CAT A,13 Apr 18,12:00,16:00,Boxing,BX1301A,BX1301,CAT,A,CAT A,Semifinal,NO,M/W,"M SF 46-49kg, 52kg, 60kg, 64kg, 91kg / W SF 45-48kg, 51kg, 60kg",Oxenford Studios, $100.00 
Boxing,Boxing 13/04 12:00 ,Boxing 13/04 12:00 CAT B,13 Apr 18,12:00,16:00,Boxing,BX1301B,BX1301,CAT,B,CAT B,Semifinal,NO,M/W,"M SF 46-49kg, 52kg, 60kg, 64kg, 91kg / W SF 45-48kg, 51kg, 60kg",Oxenford Studios, $50.00 
Boxing,Boxing 13/04 18:30 ,Boxing 13/04 18:30 CAT A,13 Apr 18,18:30,22:30,Boxing,BX1302A,BX1302,CAT,A,CAT A,Semifinal,NO,M/W,"M SF 56kg, 69kg, 75kg, 81kg, +91kg / W SF 57kg, 75kg, +75kg**",Oxenford Studios, $100.00 
Boxing,Boxing 13/04 18:30 ,Boxing 13/04 18:30 CAT B,13 Apr 18,18:30,22:30,Boxing,BX1302B,BX1302,CAT,B,CAT B,Semifinal,NO,M/W,"M SF 56kg, 69kg, 75kg, 81kg, +91kg / W SF 57kg, 75kg, +75kg**",Oxenford Studios, $50.00 
Boxing,Boxing 14/04 12:00 ,Boxing 14/04 12:00 CAT A,14 Apr 18,12:00,16:00,Boxing,BX1401A,BX1401,CAT,A,CAT A,Final,NO,M/W,"M F 46-49kg, 52kg, 60kg, 64kg, 91kg / W F 45-48kg, 51kg, 60kg",Oxenford Studios, $150.00 
Boxing,Boxing 14/04 12:00 ,Boxing 14/04 12:00 CAT B,14 Apr 18,12:00,16:00,Boxing,BX1401B,BX1401,CAT,B,CAT B,Final,NO,M/W,"M F 46-49kg, 52kg, 60kg, 64kg, 91kg / W F 45-48kg, 51kg, 60kg",Oxenford Studios, $100.00 
Boxing,Boxing 14/04 18:30 ,Boxing 14/04 18:30 CAT A,14 Apr 18,18:30,22:00,Boxing,BX1402A,BX1402,CAT,A,CAT A,Final,NO,M/W,"M F 56kg, 69kg, 75kg, 81kg, +91kg / W F 57kg, 75kg, +75kg**",Oxenford Studios, $150.00 
Boxing,Boxing 14/04 18:30 ,Boxing 14/04 18:30 CAT B,14 Apr 18,18:30,22:00,Boxing,BX1402B,BX1402,CAT,B,CAT B,Final,NO,M/W,"M F 56kg, 69kg, 75kg, 81kg, +91kg / W F 57kg, 75kg, +75kg**",Oxenford Studios, $100.00 
Diving,Diving 11/04 10:00 ,Diving 11/04 10:00 CAT A,11 Apr 18,10:00,13:00,Diving,DV1101A,DV1101,CAT,A,CAT A,Final,YES,M/W,M Prelim 1m Springboard / W Final Synchronised 3m Springboard,Gold Coast Aquatic Centre, $125.00 
Diving,Diving 11/04 10:00 ,Diving 11/04 10:00 CAT B,11 Apr 18,10:00,13:00,Diving,DV1101B,DV1101,CAT,B,CAT B,Final,YES,M/W,M Prelim 1m Springboard / W Final Synchronised 3m Springboard,Gold Coast Aquatic Centre, $75.00 
Diving,Diving 11/04 19:00 ,Diving 11/04 19:00 CAT A,11 Apr 18,19:00,22:00,Diving,DV1102A,DV1102,CAT,A,CAT A,Final,YES,M/W,M Final 1m Springboard / W Final Synchronised 10m Platform,Gold Coast Aquatic Centre, $125.00 
Diving,Diving 11/04 19:00 ,Diving 11/04 19:00 CAT B,11 Apr 18,19:00,22:00,Diving,DV1102B,DV1102,CAT,B,CAT B,Final,YES,M/W,M Final 1m Springboard / W Final Synchronised 10m Platform,Gold Coast Aquatic Centre, $75.00 
Diving,Diving 12/04 10:00 ,Diving 12/04 10:00 CAT A,12 Apr 18,10:00,13:00,Diving,DV1201A,DV1201,CAT,A,CAT A,Prelim,NO,M/W,M Prelim 3m Springboard / W Prelim 10m Platform,Gold Coast Aquatic Centre, $75.00 
Diving,Diving 12/04 10:00 ,Diving 12/04 10:00 CAT B,12 Apr 18,10:00,13:00,Diving,DV1201B,DV1201,CAT,B,CAT B,Prelim,NO,M/W,M Prelim 3m Springboard / W Prelim 10m Platform,Gold Coast Aquatic Centre, $50.00 
Diving,Diving 12/04 19:00 ,Diving 12/04 19:00 CAT A,12 Apr 18,19:00,22:00,Diving,DV1202A,DV1202,CAT,A,CAT A,Final,YES,M/W,M Final 3m Springboard / W Final 10m Platform,Gold Coast Aquatic Centre, $125.00 
Diving,Diving 12/04 19:00 ,Diving 12/04 19:00 CAT B,12 Apr 18,19:00,22:00,Diving,DV1202B,DV1202,CAT,B,CAT B,Final,YES,M/W,M Final 3m Springboard / W Final 10m Platform,Gold Coast Aquatic Centre, $75.00 
Diving,Diving 13/04 10:00 ,Diving 13/04 10:00 CAT A,13 Apr 18,10:00,13:00,Diving,DV1301A,DV1301,CAT,A,CAT A,Final,YES,M/W,W Prelim 1m Springboard / M Final Synchronsied 10m Platform,Gold Coast Aquatic Centre, $125.00 
Diving,Diving 13/04 10:00 ,Diving 13/04 10:00 CAT B,13 Apr 18,10:00,13:00,Diving,DV1301B,DV1301,CAT,B,CAT B,Final,YES,M/W,W Prelim 1m Springboard / M Final Synchronsied 10m Platform,Gold Coast Aquatic Centre, $75.00 
Diving,Diving 13/04 19:00 ,Diving 13/04 19:00 CAT A,13 Apr 18,19:00,22:00,Diving,DV1302A,DV1302,CAT,A,CAT A,Final,YES,M/W,M Final Synchronised 3m Springboard / W Final 1m Springboard,Gold Coast Aquatic Centre, $125.00 
Diving,Diving 13/04 19:00 ,Diving 13/04 19:00 CAT B,13 Apr 18,19:00,22:00,Diving,DV1302B,DV1302,CAT,B,CAT B,Final,YES,M/W,M Final Synchronised 3m Springboard / W Final 1m Springboard,Gold Coast Aquatic Centre, $75.00 
Diving,Diving 14/04 10:00 ,Diving 14/04 10:00 CAT A,14 Apr 18,10:00,13:00,Diving,DV1401A,DV1401,CAT,A,CAT A,Prelim,NO,M/W,M Prelim 10m Platform / W Prelim 3m Springboard,Gold Coast Aquatic Centre, $75.00 
Diving,Diving 14/04 10:00 ,Diving 14/04 10:00 CAT B,14 Apr 18,10:00,13:00,Diving,DV1401B,DV1401,CAT,B,CAT B,Prelim,NO,M/W,M Prelim 10m Platform / W Prelim 3m Springboard,Gold Coast Aquatic Centre, $50.00 
Diving,Diving 14/04 19:00 ,Diving 14/04 19:00 CAT A,14 Apr 18,19:00,22:00,Diving,DV1402A,DV1402,CAT,A,CAT A,Final,YES,M/W,M Final 10m Platform / W Final 3m Springboard,Gold Coast Aquatic Centre, $125.00 
Diving,Diving 14/04 19:00 ,Diving 14/04 19:00 CAT B,14 Apr 18,19:00,22:00,Diving,DV1402B,DV1402,CAT,B,CAT B,Final,YES,M/W,M Final 10m Platform / W Final 3m Springboard,Gold Coast Aquatic Centre, $75.00 
Hockey,Hockey 05/04 9:30  ,Hockey 05/04 9:30  CAT A,5 Apr 18,9:30 ,13:00,Hockey,HO0501A,HO0501,CAT,A,CAT A,Prelim,NO,W,Preliminaries (2 Matches),Gold Coast Hockey Centre, $50.00 
Hockey,Hockey 05/04 9:30  ,Hockey 05/04 9:30  CAT B,5 Apr 18,9:30 ,13:00,Hockey,HO0501B,HO0501,CAT,B,CAT B,Prelim,NO,W,Preliminaries (2 Matches),Gold Coast Hockey Centre, $25.00 
Hockey,Hockey 05/04 14:30 ,Hockey 05/04 14:30 CAT A,5 Apr 18,14:30,18:00,Hockey,HO0502A,HO0502,CAT,A,CAT A,Prelim,NO,W,Preliminaries (2 Matches),Gold Coast Hockey Centre, $50.00 
Hockey,Hockey 05/04 14:30 ,Hockey 05/04 14:30 CAT B,5 Apr 18,14:30,18:00,Hockey,HO0502B,HO0502,CAT,B,CAT B,Prelim,NO,W,Preliminaries (2 Matches),Gold Coast Hockey Centre, $25.00 
Hockey,Hockey 05/04 19:30 ,Hockey 05/04 19:30 CAT A,5 Apr 18,19:30,23:00,Hockey,HO0503A,HO0503,CAT,A,CAT A,Prelim,NO,M,Preliminaries (2 Matches),Gold Coast Hockey Centre, $50.00 
Hockey,Hockey 05/04 19:30 ,Hockey 05/04 19:30 CAT B,5 Apr 18,19:30,23:00,Hockey,HO0503B,HO0503,CAT,B,CAT B,Prelim,NO,M,Preliminaries (2 Matches),Gold Coast Hockey Centre, $25.00 
Hockey,Hockey 06/04 9:30  ,Hockey 06/04 9:30  CAT A,6 Apr 18,9:30 ,13:00,Hockey,HO0601A,HO0601,CAT,A,CAT A,Prelim,NO,M,Preliminaries (2 Matches),Gold Coast Hockey Centre, $50.00 
Hockey,Hockey 06/04 9:30  ,Hockey 06/04 9:30  CAT B,6 Apr 18,9:30 ,13:00,Hockey,HO0601B,HO0601,CAT,B,CAT B,Prelim,NO,M,Preliminaries (2 Matches),Gold Coast Hockey Centre, $25.00 
Hockey,Hockey 06/04 14:30 ,Hockey 06/04 14:30 CAT A,6 Apr 18,14:30,18:00,Hockey,HO0602A,HO0602,CAT,A,CAT A,Prelim,NO,W,Preliminaries (2 Matches),Gold Coast Hockey Centre, $50.00 
Hockey,Hockey 06/04 14:30 ,Hockey 06/04 14:30 CAT B,6 Apr 18,14:30,18:00,Hockey,HO0602B,HO0602,CAT,B,CAT B,Prelim,NO,W,Preliminaries (2 Matches),Gold Coast Hockey Centre, $25.00 
Hockey,Hockey 06/04 19:30 ,Hockey 06/04 19:30 CAT A,6 Apr 18,19:30,23:00,Hockey,HO0603A,HO0603,CAT,A,CAT A,Prelim,NO,W,Preliminaries (2 Matches),Gold Coast Hockey Centre, $50.00 
Hockey,Hockey 06/04 19:30 ,Hockey 06/04 19:30 CAT B,6 Apr 18,19:30,23:00,Hockey,HO0603B,HO0603,CAT,B,CAT B,Prelim,NO,W,Preliminaries (2 Matches),Gold Coast Hockey Centre, $25.00 
Hockey,Hockey 07/04 9:30  ,Hockey 07/04 9:30  CAT A,7 Apr 18,9:30 ,13:00,Hockey,HO0701A,HO0701,CAT,A,CAT A,Prelim,NO,M,Preliminaries (2 Matches),Gold Coast Hockey Centre, $50.00 
Hockey,Hockey 07/04 9:30  ,Hockey 07/04 9:30  CAT B,7 Apr 18,9:30 ,13:00,Hockey,HO0701B,HO0701,CAT,B,CAT B,Prelim,NO,M,Preliminaries (2 Matches),Gold Coast Hockey Centre, $25.00 
Hockey,Hockey 07/04 14:30 ,Hockey 07/04 14:30 CAT A,7 Apr 18,14:30,18:00,Hockey,HO0702A,HO0702,CAT,A,CAT A,Prelim,NO,M,Preliminaries (2 Matches),Gold Coast Hockey Centre, $50.00 
Hockey,Hockey 07/04 14:30 ,Hockey 07/04 14:30 CAT B,7 Apr 18,14:30,18:00,Hockey,HO0702B,HO0702,CAT,B,CAT B,Prelim,NO,M,Preliminaries (2 Matches),Gold Coast Hockey Centre, $25.00 
Hockey,Hockey 07/04 19:30 ,Hockey 07/04 19:30 CAT A,7 Apr 18,19:30,23:00,Hockey,HO0703A,HO0703,CAT,A,CAT A,Prelim,NO,W,Preliminaries (2 Matches),Gold Coast Hockey Centre, $50.00 
Hockey,Hockey 07/04 19:30 ,Hockey 07/04 19:30 CAT B,7 Apr 18,19:30,23:00,Hockey,HO0703B,HO0703,CAT,B,CAT B,Prelim,NO,W,Preliminaries (2 Matches),Gold Coast Hockey Centre, $25.00 
Hockey,Hockey 08/04 9:30  ,Hockey 08/04 9:30  CAT A,8 Apr 18,9:30 ,13:00,Hockey,HO0801A,HO0801,CAT,A,CAT A,Prelim,NO,W,Preliminaries (2 Matches),Gold Coast Hockey Centre, $50.00 
Hockey,Hockey 08/04 9:30  ,Hockey 08/04 9:30  CAT B,8 Apr 18,9:30 ,13:00,Hockey,HO0801B,HO0801,CAT,B,CAT B,Prelim,NO,W,Preliminaries (2 Matches),Gold Coast Hockey Centre, $25.00 
Hockey,Hockey 08/04 14:30 ,Hockey 08/04 14:30 CAT A,8 Apr 18,14:30,18:00,Hockey,HO0802A,HO0802,CAT,A,CAT A,Prelim,NO,M,Preliminaries (2 Matches),Gold Coast Hockey Centre, $50.00 
Hockey,Hockey 08/04 14:30 ,Hockey 08/04 14:30 CAT B,8 Apr 18,14:30,18:00,Hockey,HO0802B,HO0802,CAT,B,CAT B,Prelim,NO,M,Preliminaries (2 Matches),Gold Coast Hockey Centre, $25.00 
Hockey,Hockey 08/04 19:30 ,Hockey 08/04 19:30 CAT A,8 Apr 18,19:30,23:00,Hockey,HO0803A,HO0803,CAT,A,CAT A,Prelim,NO,M,Preliminaries (2 Matches),Gold Coast Hockey Centre, $50.00 
Hockey,Hockey 08/04 19:30 ,Hockey 08/04 19:30 CAT B,8 Apr 18,19:30,23:00,Hockey,HO0803B,HO0803,CAT,B,CAT B,Prelim,NO,M,Preliminaries (2 Matches),Gold Coast Hockey Centre, $25.00 
Hockey,Hockey 09/04 14:30 ,Hockey 09/04 14:30 CAT A,9 Apr 18,14:30,18:00,Hockey,HO0901A,HO0901,CAT,A,CAT A,Prelim,NO,W,Preliminaries (2 Matches),Gold Coast Hockey Centre, $50.00 
Hockey,Hockey 09/04 14:30 ,Hockey 09/04 14:30 CAT B,9 Apr 18,14:30,18:00,Hockey,HO0901B,HO0901,CAT,B,CAT B,Prelim,NO,W,Preliminaries (2 Matches),Gold Coast Hockey Centre, $25.00 
Hockey,Hockey 09/04 19:30 ,Hockey 09/04 19:30 CAT A,9 Apr 18,19:30,23:00,Hockey,HO0902A,HO0902,CAT,A,CAT A,Prelim,NO,W,Preliminaries (2 Matches),Gold Coast Hockey Centre, $50.00 
Hockey,Hockey 09/04 19:30 ,Hockey 09/04 19:30 CAT B,9 Apr 18,19:30,23:00,Hockey,HO0902B,HO0902,CAT,B,CAT B,Prelim,NO,W,Preliminaries (2 Matches),Gold Coast Hockey Centre, $25.00 
Hockey,Hockey 10/04 9:30  ,Hockey 10/04 9:30  CAT A,10 Apr 18,9:30 ,13:00,Hockey,HO1001A,HO1001,CAT,A,CAT A,Prelim,NO,M,Preliminaries (2 Matches),Gold Coast Hockey Centre, $50.00 
Hockey,Hockey 10/04 9:30  ,Hockey 10/04 9:30  CAT B,10 Apr 18,9:30 ,13:00,Hockey,HO1001B,HO1001,CAT,B,CAT B,Prelim,NO,M,Preliminaries (2 Matches),Gold Coast Hockey Centre, $25.00 
Hockey,Hockey 10/04 14:30 ,Hockey 10/04 14:30 CAT A,10 Apr 18,14:30,18:00,Hockey,HO1002A,HO1002,CAT,A,CAT A,Prelim,NO,M,Preliminaries (2 Matches),Gold Coast Hockey Centre, $50.00 
Hockey,Hockey 10/04 14:30 ,Hockey 10/04 14:30 CAT B,10 Apr 18,14:30,18:00,Hockey,HO1002B,HO1002,CAT,B,CAT B,Prelim,NO,M,Preliminaries (2 Matches),Gold Coast Hockey Centre, $25.00 
Hockey,Hockey 10/04 19:30 ,Hockey 10/04 19:30 CAT A,10 Apr 18,19:30,23:00,Hockey,HO1003A,HO1003,CAT,A,CAT A,Prelim,NO,W,Preliminaries (2 Matches),Gold Coast Hockey Centre, $50.00 
Hockey,Hockey 10/04 19:30 ,Hockey 10/04 19:30 CAT B,10 Apr 18,19:30,23:00,Hockey,HO1003B,HO1003,CAT,B,CAT B,Prelim,NO,W,Preliminaries (2 Matches),Gold Coast Hockey Centre, $25.00 
Hockey,Hockey 11/04 9:30  ,Hockey 11/04 9:30  CAT A,11 Apr 18,9:30 ,13:00,Hockey,HO1101A,HO1101,CAT,A,CAT A,Prelim,NO,W,Preliminaries (2 Matches),Gold Coast Hockey Centre, $50.00 
Hockey,Hockey 11/04 9:30  ,Hockey 11/04 9:30  CAT B,11 Apr 18,9:30 ,13:00,Hockey,HO1101B,HO1101,CAT,B,CAT B,Prelim,NO,W,Preliminaries (2 Matches),Gold Coast Hockey Centre, $25.00 
Hockey,Hockey 11/04 14:30 ,Hockey 11/04 14:30 CAT A,11 Apr 18,14:30,18:00,Hockey,HO1102A,HO1102,CAT,A,CAT A,Prelim,NO,M,Preliminaries (2 Matches),Gold Coast Hockey Centre, $50.00 
Hockey,Hockey 11/04 14:30 ,Hockey 11/04 14:30 CAT B,11 Apr 18,14:30,18:00,Hockey,HO1102B,HO1102,CAT,B,CAT B,Prelim,NO,M,Preliminaries (2 Matches),Gold Coast Hockey Centre, $25.00 
Hockey,Hockey 11/04 19:30 ,Hockey 11/04 19:30 CAT A,11 Apr 18,19:30,23:00,Hockey,HO1103A,HO1103,CAT,A,CAT A,Prelim,NO,M,Preliminaries (2 Matches),Gold Coast Hockey Centre, $50.00 
Hockey,Hockey 11/04 19:30 ,Hockey 11/04 19:30 CAT B,11 Apr 18,19:30,23:00,Hockey,HO1103B,HO1103,CAT,B,CAT B,Prelim,NO,M,Preliminaries (2 Matches),Gold Coast Hockey Centre, $25.00 
Hockey,Hockey 12/04 13:30 ,Hockey 12/04 13:30 CAT A,12 Apr 18,13:30,17:00,Hockey,HO1201A,HO1201,CAT,A,CAT A,Prelim,NO,W,Classification Matches (2 matches),Gold Coast Hockey Centre, $50.00 
Hockey,Hockey 12/04 13:30 ,Hockey 12/04 13:30 CAT B,12 Apr 18,13:30,17:00,Hockey,HO1201B,HO1201,CAT,B,CAT B,Prelim,NO,W,Classification Matches (2 matches),Gold Coast Hockey Centre, $25.00 
Hockey,Hockey 12/04 19:00 ,Hockey 12/04 19:00 CAT A,12 Apr 18,19:00,23:00,Hockey,HO1202A,HO1202,CAT,A,CAT A,Semifinal,NO,W,Semi-Finals (2 matches),Gold Coast Hockey Centre, $50.00 
Hockey,Hockey 12/04 19:00 ,Hockey 12/04 19:00 CAT B,12 Apr 18,19:00,23:00,Hockey,HO1202B,HO1202,CAT,B,CAT B,Semifinal,NO,W,Semi-Finals (2 matches),Gold Coast Hockey Centre, $25.00 
Hockey,Hockey 13/04 9:00  ,Hockey 13/04 9:00  CAT A,13 Apr 18,9:00 ,12:30,Hockey,HO1301A,HO1301,CAT,A,CAT A,Prelim,NO,W,Classification Matches (2 matches),Gold Coast Hockey Centre, $50.00 
Hockey,Hockey 13/04 9:00  ,Hockey 13/04 9:00  CAT B,13 Apr 18,9:00 ,12:30,Hockey,HO1301B,HO1301,CAT,B,CAT B,Prelim,NO,W,Classification Matches (2 matches),Gold Coast Hockey Centre, $25.00 
Hockey,Hockey 13/04 14:00 ,Hockey 13/04 14:00 CAT A,13 Apr 18,14:00,17:30,Hockey,HO1302A,HO1302,CAT,A,CAT A,Prelim,NO,M/W,Classification Matches,Gold Coast Hockey Centre, $87.50 
Hockey,Hockey 13/04 14:00 ,Hockey 13/04 14:00 CAT B,13 Apr 18,14:00,17:30,Hockey,HO1302B,HO1302,CAT,B,CAT B,Prelim,NO,M/W,Classification Matches,Gold Coast Hockey Centre, $50.00 
Hockey,Hockey 13/04 19:00 ,Hockey 13/04 19:00 CAT A,13 Apr 18,19:00,23:00,Hockey,HO1303A,HO1303,CAT,A,CAT A,Semifinal,NO,M,Semi-Finals (2 matches),Gold Coast Hockey Centre, $87.50 
Hockey,Hockey 13/04 19:00 ,Hockey 13/04 19:00 CAT B,13 Apr 18,19:00,23:00,Hockey,HO1303B,HO1303,CAT,B,CAT B,Semifinal,NO,M,Semi-Finals (2 matches),Gold Coast Hockey Centre, $50.00 
Hockey,Hockey 14/04 10:30 ,Hockey 14/04 10:30 CAT A,14 Apr 18,10:30,14:30,Hockey,HO1401A,HO1401,CAT,A,CAT A,Final,NO,W,Gold and Bronze Medal Matches,Gold Coast Hockey Centre, $125.00 
Hockey,Hockey 14/04 10:30 ,Hockey 14/04 10:30 CAT B,14 Apr 18,10:30,14:30,Hockey,HO1401B,HO1401,CAT,B,CAT B,Final,NO,W,Gold and Bronze Medal Matches,Gold Coast Hockey Centre, $75.00 
Hockey,Hockey 14/04 19:00 ,Hockey 14/04 19:00 CAT A,14 Apr 18,19:00,23:00,Hockey,HO1402A,HO1402,CAT,A,CAT A,Final,NO,M,Gold and Bronze Medal Matches,Gold Coast Hockey Centre, $125.00 
Hockey,Hockey 14/04 19:00 ,Hockey 14/04 19:00 CAT B,14 Apr 18,19:00,23:00,Hockey,HO1402B,HO1402,CAT,B,CAT B,Final,NO,M,Gold and Bronze Medal Matches,Gold Coast Hockey Centre, $75.00 
Squash,Squash 05/04 12:30 ,Squash 05/04 12:30 CAT A,5 Apr 18,12:30,16:30,Squash,SQ0501A,SQ0501,CAT,A,CAT A,Prelim,NO,M/W,Singles,Oxenford Studios, $25.00 
Squash,Squash 05/04 18:00 ,Squash 05/04 18:00 CAT A,5 Apr 18,18:00,21:30,Squash,SQ0502A,SQ0502,CAT,A,CAT A,Prelim,NO,M/W,Singles,Oxenford Studios, $25.00 
Squash,Squash 06/04 12:30 ,Squash 06/04 12:30 CAT A,6 Apr 18,12:30,16:30,Squash,SQ0601A,SQ0601,CAT,A,CAT A,Prelim,NO,M/W,Singles,Oxenford Studios, $25.00 
Squash,Squash 06/04 18:00 ,Squash 06/04 18:00 CAT A,6 Apr 18,18:00,21:30,Squash,SQ0602A,SQ0602,CAT,A,CAT A,Prelim,NO,M/W,Singles,Oxenford Studios, $25.00 
Squash,Squash 07/04 12:30 ,Squash 07/04 12:30 CAT A,7 Apr 18,12:30,16:30,Squash,SQ0701A,SQ0701,CAT,A,CAT A,Prelim,NO,M/W,Singles,Oxenford Studios, $25.00 
Squash,Squash 07/04 18:00 ,Squash 07/04 18:00 CAT A,7 Apr 18,18:00,21:30,Squash,SQ0702A,SQ0702,CAT,A,CAT A,Prelim,NO,M/W,Singles,Oxenford Studios, $25.00 
Squash,Squash 08/04 12:30 ,Squash 08/04 12:30 CAT A,8 Apr 18,12:30,16:30,Squash,SQ0801A,SQ0801,CAT,A,CAT A,Prelim,NO,M/W,Singles,Oxenford Studios, $25.00 
Squash,Squash 08/04 18:00 ,Squash 08/04 18:00 CAT A,8 Apr 18,18:00,21:30,Squash,SQ0802A,SQ0802,CAT,A,CAT A,Prelim,NO,M/W,Singles,Oxenford Studios, $25.00 
Squash,Squash 09/04 12:30 ,Squash 09/04 12:30 CAT A,9 Apr 18,12:30,16:30,Squash,SQ0901A,SQ0901,CAT,A,CAT A,Semifinal,NO,M/W,Singles Bronze Medal Matches,Oxenford Studios, $37.50 
Squash,Squash 09/04 18:00 ,Squash 09/04 18:00 CAT A,9 Apr 18,18:00,21:30,Squash,SQ0902A,SQ0902,CAT,A,CAT A,Final,NO,M/W,Singles Gold Medal Matches,Oxenford Studios, $50.00 
Squash,Squash 10/04 11:00 ,Squash 10/04 11:00 CAT A,10 Apr 18,11:00,14:30,Squash,SQ1001A,SQ1001,CAT,A,CAT A,Prelim,NO,M/W/X,Doubles,Oxenford Studios, $25.00 
Squash,Squash 10/04 18:00 ,Squash 10/04 18:00 CAT A,10 Apr 18,18:00,21:30,Squash,SQ1002A,SQ1002,CAT,A,CAT A,Prelim,NO,M/W/X,Doubles,Oxenford Studios, $25.00 
Squash,Squash 11/04 11:00 ,Squash 11/04 11:00 CAT A,11 Apr 18,11:00,14:30,Squash,SQ1101A,SQ1101,CAT,A,CAT A,Prelim,NO,M/W/X,Doubles,Oxenford Studios, $25.00 
Squash,Squash 11/04 18:00 ,Squash 11/04 18:00 CAT A,11 Apr 18,18:00,21:30,Squash,SQ1102A,SQ1102,CAT,A,CAT A,Prelim,NO,M/W/X,Doubles,Oxenford Studios, $25.00 
Squash,Squash 12/04 11:00 ,Squash 12/04 11:00 CAT A,12 Apr 18,11:00,14:30,Squash,SQ1201A,SQ1201,CAT,A,CAT A,Prelim,NO,M/X,Doubles,Oxenford Studios, $25.00 
Squash,Squash 12/04 18:00 ,Squash 12/04 18:00 CAT A,12 Apr 18,18:00,21:30,Squash,SQ1202A,SQ1202,CAT,A,CAT A,Prelim,NO,M/X,Doubles,Oxenford Studios, $25.00 
Squash,Squash 13/04 11:00 ,Squash 13/04 11:00 CAT A,13 Apr 18,11:00,14:30,Squash,SQ1301A,SQ1301,CAT,A,CAT A,Prelim,NO,M/W,Doubles,Oxenford Studios, $25.00 
Squash,Squash 13/04 18:00 ,Squash 13/04 18:00 CAT A,13 Apr 18,18:00,21:30,Squash,SQ1302A,SQ1302,CAT,A,CAT A,Semifinal,NO,M/W/X,Doubles,Oxenford Studios, $37.50 
Squash,Squash 14/04 11:00 ,Squash 14/04 11:00 CAT A,14 Apr 18,11:00,14:30,Squash,SQ1401A,SQ1401,CAT,A,CAT A,Semi,NO,M/W,Doubles,Oxenford Studios, $37.50 
Squash,Squash 14/04 18:00 ,Squash 14/04 18:00 CAT A,14 Apr 18,18:00,21:30,Squash,SQ1402A,SQ1402,CAT,A,CAT A,Final,NO,X,Doubles Gold and Bronze Medal Matches,Oxenford Studios, $50.00 
Squash,Squash 15/04 10:00 ,Squash 15/04 10:00 CAT A,15 Apr 18,10:00,14:30,Squash,SQ1501A,SQ1501,CAT,A,CAT A,Final,NO,M/X,Doubles Gold and Bronze Medal Matches,Oxenford Studios, $50.00 
Netball,Netball 05/04 13:00 ,Netball 05/04 13:00 CAT A,5 Apr 18,13:00,16:30,Netball,NB0501A,NB0501,CAT,A,CAT A,Prelim,NO,W,Preliminaries (2 Matches),Gold Coast Convention and Exhibition Centre, $37.50 
Netball,Netball 05/04 18:30 ,Netball 05/04 18:30 CAT A,5 Apr 18,18:30,22:00,Netball,NB0502A,NB0502,CAT,A,CAT A,Prelim,NO,W,Preliminaries (2 Matches),Gold Coast Convention and Exhibition Centre, $37.50 
Netball,Netball 06/04 13:00 ,Netball 06/04 13:00 CAT A,6 Apr 18,13:00,16:30,Netball,NB0601A,NB0601,CAT,A,CAT A,Prelim,NO,W,Preliminaries (2 Matches),Gold Coast Convention and Exhibition Centre, $37.50 
Netball,Netball 06/04 18:30 ,Netball 06/04 18:30 CAT A,6 Apr 18,18:30,22:00,Netball,NB0602A,NB0602,CAT,A,CAT A,Prelim,NO,W,Preliminaries (2 Matches),Gold Coast Convention and Exhibition Centre, $37.50 
Netball,Netball 07/04 13:00 ,Netball 07/04 13:00 CAT A,7 Apr 18,13:00,16:30,Netball,NB0701A,NB0701,CAT,A,CAT A,Prelim,NO,W,Preliminaries (2 Matches),Gold Coast Convention and Exhibition Centre, $37.50 
Netball,Netball 07/04 18:30 ,Netball 07/04 18:30 CAT A,7 Apr 18,18:30,22:00,Netball,NB0702A,NB0702,CAT,A,CAT A,Prelim,NO,W,Preliminaries (2 Matches),Gold Coast Convention and Exhibition Centre, $37.50 
Netball,Netball 08/04 13:00 ,Netball 08/04 13:00 CAT A,8 Apr 18,13:00,16:30,Netball,NB0801A,NB0801,CAT,A,CAT A,Prelim,NO,W,Preliminaries (2 Matches),Gold Coast Convention and Exhibition Centre, $37.50 
Netball,Netball 08/04 18:30 ,Netball 08/04 18:30 CAT A,8 Apr 18,18:30,22:00,Netball,NB0802A,NB0802,CAT,A,CAT A,Prelim,NO,W,Preliminaries (2 Matches),Gold Coast Convention and Exhibition Centre, $37.50 
Netball,Netball 09/04 13:00 ,Netball 09/04 13:00 CAT A,9 Apr 18,13:00,16:30,Netball,NB0901A,NB0901,CAT,A,CAT A,Prelim,NO,W,Preliminaries (2 Matches),Gold Coast Convention and Exhibition Centre, $37.50 
Netball,Netball 09/04 18:30 ,Netball 09/04 18:30 CAT A,9 Apr 18,18:30,22:00,Netball,NB0902A,NB0902,CAT,A,CAT A,Prelim,NO,W,Preliminaries (2 Matches),Gold Coast Convention and Exhibition Centre, $37.50 
Netball,Netball 10/04 13:00 ,Netball 10/04 13:00 CAT A,10 Apr 18,13:00,16:30,Netball,NB1001A,NB1001,CAT,A,CAT A,Prelim,NO,W,Preliminaries (2 Matches),Gold Coast Convention and Exhibition Centre, $37.50 
Netball,Netball 10/04 18:30 ,Netball 10/04 18:30 CAT A,10 Apr 18,18:30,22:00,Netball,NB1002A,NB1002,CAT,A,CAT A,Prelim,NO,W,Preliminaries (2 Matches),Gold Coast Convention and Exhibition Centre, $37.50 
Netball,Netball 11/04 9:00  ,Netball 11/04 9:00  CAT A,11 Apr 18,9:00 ,12:30,Netball,NB1101A,NB1101,CAT,A,CAT A,Prelim,NO,W,Preliminaries (2 Matches),Gold Coast Convention and Exhibition Centre, $37.50 
Netball,Netball 11/04 14:00 ,Netball 11/04 14:00 CAT A,11 Apr 18,14:00,17:30,Netball,NB1102A,NB1102,CAT,A,CAT A,Prelim,NO,W,Preliminaries (2 Matches),Gold Coast Convention and Exhibition Centre, $37.50 
Netball,Netball 11/04 19:00 ,Netball 11/04 19:00 CAT A,11 Apr 18,19:00,22:30,Netball,NB1103A,NB1103,CAT,A,CAT A,Prelim,NO,W,Preliminaries (2 Matches),Gold Coast Convention and Exhibition Centre, $37.50 
Netball,Netball 12/04 9:00  ,Netball 12/04 9:00  CAT A,12 Apr 18,9:00 ,12:30,Netball,NB1201A,NB1201,CAT,A,CAT A,Prelim,NO,W,Classification Matches (2 matches),Gold Coast Convention and Exhibition Centre, $37.50 
Netball,Netball 12/04 14:00 ,Netball 12/04 14:00 CAT A,12 Apr 18,14:00,17:30,Netball,NB1202A,NB1202,CAT,A,CAT A,Prelim,NO,W,Classification Matches (2 matches),Gold Coast Convention and Exhibition Centre, $37.50 
Netball,Netball 14/04 15:00 ,Netball 14/04 15:00 CAT A,14 Apr 18,15:00,19:00,Netball,NB1401A,NB1401,CAT,A,CAT A,Semifinal,NO,W,Semi-Finals (2 matches),Coomera Indoor Sports Centre, $75.00 
Netball,Netball 14/04 15:00 ,Netball 14/04 15:00 CAT B,14 Apr 18,15:00,19:00,Netball,NB1401B,NB1401,CAT,B,CAT B,Semifinal,NO,W,Semi-Finals (2 matches),Coomera Indoor Sports Centre, $62.50 
Netball,Netball 14/04 15:00 ,Netball 14/04 15:00 CAT C,14 Apr 18,15:00,19:00,Netball,NB1401C,NB1401,CAT,C,CAT C,Semifinal,NO,W,Semi-Finals (2 matches),Coomera Indoor Sports Centre, $50.00 
Netball,Netball 15/04 11:00 ,Netball 15/04 11:00 CAT A,15 Apr 18,11:00,15:00,Netball,NB1501A,NB1501,CAT,A,CAT A,Final,YES,W,Gold and Bronze Medal Matches,Coomera Indoor Sports Centre, $125.00 
Netball,Netball 15/04 11:00 ,Netball 15/04 11:00 CAT B,15 Apr 18,11:00,15:00,Netball,NB1501B,NB1501,CAT,B,CAT B,Final,YES,W,Gold and Bronze Medal Matches,Coomera Indoor Sports Centre, $100.00 
Netball,Netball 15/04 11:00 ,Netball 15/04 11:00 CAT C,15 Apr 18,11:00,15:00,Netball,NB1501C,NB1501,CAT,C,CAT C,Final,YES,W,Gold and Bronze Medal Matches,Coomera Indoor Sports Centre, $75.00 
Cycling Track,Cycling 05/04 14:30 ,Cycling 05/04 14:30 CAT A,5 Apr 18,14:30,17:00,Cycling Track,CT0501A,CT0501,CAT,A,CAT A,Prelim,NO,M/W,"M P 4000m Team Pursuit, Team Sprint / W P B&Vi Sprint, 4000m Team Pursuit / W SF B&Vi Sprint",Anna Meares Velodrome, $150.00 
Cycling Track,Cycling 05/04 14:30 ,Cycling 05/04 14:30 CAT B,5 Apr 18,14:30,17:00,Cycling Track,CT0501B,CT0501,CAT,B,CAT B,Prelim,NO,M/W,"M P 4000m Team Pursuit, Team Sprint / W P B&Vi Sprint, 4000m Team Pursuit / W SF B&Vi Sprint",Anna Meares Velodrome, $87.50 
Cycling Track,Cycling 05/04 14:30 ,Cycling 05/04 14:30 CAT C,5 Apr 18,14:30,17:00,Cycling Track,CT0501C,CT0501,CAT,C,CAT C,Prelim,NO,M/W,"M P 4000m Team Pursuit, Team Sprint / W P B&Vi Sprint, 4000m Team Pursuit / W SF B&Vi Sprint",Anna Meares Velodrome, $62.50 
Cycling Track,Cycling 05/04 19:00 ,Cycling 05/04 19:00 CAT A,5 Apr 18,19:00,22:00,Cycling Track,CT0502A,CT0502,CAT,A,CAT A,Final,YES,M/W,"W P Team Sprint / M F B&Vi 1000m Time Trial, 4000m Team Pursuit, Team Sprint / W F B&Vi Sprint, 4000m Team Pursuit, Team Sprint",Anna Meares Velodrome, $218.75 
Cycling Track,Cycling 05/04 19:00 ,Cycling 05/04 19:00 CAT B,5 Apr 18,19:00,22:00,Cycling Track,CT0502B,CT0502,CAT,B,CAT B,Final,YES,M/W,"W P Team Sprint / M F B&Vi 1000m Time Trial, 4000m Team Pursuit, Team Sprint / W F B&Vi Sprint, 4000m Team Pursuit, Team Sprint",Anna Meares Velodrome, $150.00 
Cycling Track,Cycling 05/04 19:00 ,Cycling 05/04 19:00 CAT C,5 Apr 18,19:00,22:00,Cycling Track,CT0502C,CT0502,CAT,C,CAT C,Final,YES,M/W,"W P Team Sprint / M F B&Vi 1000m Time Trial, 4000m Team Pursuit, Team Sprint / W F B&Vi Sprint, 4000m Team Pursuit, Team Sprint",Anna Meares Velodrome, $87.50 
Cycling Track,Cycling 06/04 14:00 ,Cycling 06/04 14:00 CAT A,6 Apr 18,14:00,17:30,Cycling Track,CT0601A,CT0601,CAT,A,CAT A,Prelim,NO,M/W,"M P 4000m Individual Pursuit / W P Sprint, 3000m Individual Pursuit / W QF Sprint",Anna Meares Velodrome, $150.00 
Cycling Track,Cycling 06/04 14:00 ,Cycling 06/04 14:00 CAT B,6 Apr 18,14:00,17:30,Cycling Track,CT0601B,CT0601,CAT,B,CAT B,Prelim,NO,M/W,"M P 4000m Individual Pursuit / W P Sprint, 3000m Individual Pursuit / W QF Sprint",Anna Meares Velodrome, $87.50 
Cycling Track,Cycling 06/04 14:00 ,Cycling 06/04 14:00 CAT C,6 Apr 18,14:00,17:30,Cycling Track,CT0601C,CT0601,CAT,C,CAT C,Prelim,NO,M/W,"M P 4000m Individual Pursuit / W P Sprint, 3000m Individual Pursuit / W QF Sprint",Anna Meares Velodrome, $62.50 
Cycling Track,Cycling 06/04 19:00 ,Cycling 06/04 19:00 CAT A,6 Apr 18,19:00,22:00,Cycling Track,CT0602A,CT0602,CAT,A,CAT A,Final,YES,M/W,"M P Keirin / M SF Keirin / W SF Sprint / M F 4000m Individual Pursuit, Keirin / W F Sprint, 3000m Individual Pursuit",Anna Meares Velodrome, $218.75 
Cycling Track,Cycling 06/04 19:00 ,Cycling 06/04 19:00 CAT B,6 Apr 18,19:00,22:00,Cycling Track,CT0602B,CT0602,CAT,B,CAT B,Final,YES,M/W,"M P Keirin / M SF Keirin / W SF Sprint / M F 4000m Individual Pursuit, Keirin / W F Sprint, 3000m Individual Pursuit",Anna Meares Velodrome, $150.00 
Cycling Track,Cycling 06/04 19:00 ,Cycling 06/04 19:00 CAT C,6 Apr 18,19:00,22:00,Cycling Track,CT0602C,CT0602,CAT,C,CAT C,Final,YES,M/W,"M P Keirin / M SF Keirin / W SF Sprint / M F 4000m Individual Pursuit, Keirin / W F Sprint, 3000m Individual Pursuit",Anna Meares Velodrome, $87.50 
Cycling Track,Cycling 07/04 13:30 ,Cycling 07/04 13:30 CAT A,7 Apr 18,13:30,16:30,Cycling Track,CT0701A,CT0701,CAT,A,CAT A,Prelim,NO,M/W,"M P B&Vi Sprint, Sprint, 15km Scratch Race / M QF Sprint / M SF B&Vi Sprint",Anna Meares Velodrome, $150.00 
Cycling Track,Cycling 07/04 13:30 ,Cycling 07/04 13:30 CAT B,7 Apr 18,13:30,16:30,Cycling Track,CT0701B,CT0701,CAT,B,CAT B,Prelim,NO,M/W,"M P B&Vi Sprint, Sprint, 15km Scratch Race / M QF Sprint / M SF B&Vi Sprint",Anna Meares Velodrome, $87.50 
Cycling Track,Cycling 07/04 13:30 ,Cycling 07/04 13:30 CAT C,7 Apr 18,13:30,16:30,Cycling Track,CT0701C,CT0701,CAT,C,CAT C,Prelim,NO,M/W,"M P B&Vi Sprint, Sprint, 15km Scratch Race / M QF Sprint / M SF B&Vi Sprint",Anna Meares Velodrome, $62.50 
Cycling Track,Cycling 07/04 18:30 ,Cycling 07/04 18:30 CAT A,7 Apr 18,18:30,22:30,Cycling Track,CT0702A,CT0702,CAT,A,CAT A,Final,YES,M/W,"M SF Sprint / M F B&Vi Sprint, Sprint, 15km Scratch Race / W F B&Vi 1000m Time Trial, 500m Time Trial, 25km Points Race",Anna Meares Velodrome, $218.75 
Cycling Track,Cycling 07/04 18:30 ,Cycling 07/04 18:30 CAT B,7 Apr 18,18:30,22:30,Cycling Track,CT0702B,CT0702,CAT,B,CAT B,Final,YES,M/W,"M SF Sprint / M F B&Vi Sprint, Sprint, 15km Scratch Race / W F B&Vi 1000m Time Trial, 500m Time Trial, 25km Points Race",Anna Meares Velodrome, $150.00 
Cycling Track,Cycling 07/04 18:30 ,Cycling 07/04 18:30 CAT C,7 Apr 18,18:30,22:30,Cycling Track,CT0702C,CT0702,CAT,C,CAT C,Final,YES,M/W,"M SF Sprint / M F B&Vi Sprint, Sprint, 15km Scratch Race / W F B&Vi 1000m Time Trial, 500m Time Trial, 25km Points Race",Anna Meares Velodrome, $87.50 
Cycling Track,Cycling 08/04 17:30 ,Cycling 08/04 17:30 CAT A,8 Apr 18,17:30,22:00,Cycling Track,CT0801A,CT0801,CAT,A,CAT A,Final,YES,M/W,"M P 40km Points Race / W P Keirin / M F 1000m Time Trial, 40km Points Race / W F 10km Scratch Race, Keirin",Anna Meares Velodrome, $218.75 
Cycling Track,Cycling 08/04 17:30 ,Cycling 08/04 17:30 CAT B,8 Apr 18,17:30,22:00,Cycling Track,CT0801B,CT0801,CAT,B,CAT B,Final,YES,M/W,"M P 40km Points Race / W P Keirin / M F 1000m Time Trial, 40km Points Race / W F 10km Scratch Race, Keirin",Anna Meares Velodrome, $150.00 
Cycling Track,Cycling 08/04 17:30 ,Cycling 08/04 17:30 CAT C,8 Apr 18,17:30,22:00,Cycling Track,CT0801C,CT0801,CAT,C,CAT C,Final,YES,M/W,"M P 40km Points Race / W P Keirin / M F 1000m Time Trial, 40km Points Race / W F 10km Scratch Race, Keirin",Anna Meares Velodrome, $87.50 
Shooting,Shooting 08/04 9:00  ,Shooting 08/04 9:00  CAT A,8 Apr 18,9:00 ,17:00,Shooting,SH0801A,SH0801,CAT,A,CAT A,Final,NO,M/W,"M P 10m Air Rifle, Skeet / W P 10m Air Pistol, Skeet / M F 10m Air Rifle / W F 10m Air Pistol, Skeet",Belmont Shooting Centre, $50.00 
Shooting,Shooting 09/04 9:00  ,Shooting 09/04 9:00  CAT A,9 Apr 18,9:00 ,17:00,Shooting,SH0901A,SH0901,CAT,A,CAT A,Final,NO,M/O/W,"M P 10m Air Pistol, Skeet / O P Queen’s Prize Pairs / W P 10m Air Rifle / M F 10m Air Pistol, Skeet / W F 10m Air Rifle",Belmont Shooting Centre, $50.00 
Shooting,Shooting 10/04 9:00  ,Shooting 10/04 9:00  CAT A,10 Apr 18,9:00 ,16:00,Shooting,SH1001A,SH1001,CAT,A,CAT A,Final,NO,M/O/W,M P 50m Rifle Prone / W P 25m Pistol / M F 50m Rifle Prone / O F Queen’s Prize Pairs / W F 25m Pistol,Belmont Shooting Centre, $50.00 
Shooting,Shooting 11/04 9:00  ,Shooting 11/04 9:00  CAT A,11 Apr 18,9:00 ,17:00,Shooting,SH1101A,SH1101,CAT,A,CAT A,Final,NO,M/O/W,"M P Double Trap, 50m Pistol / O P Queen’s Prize Individual / W P Double Trap / M F Double Trap, 50m Pistol / W F Double Trap",Belmont Shooting Centre, $50.00 
Shooting,Shooting 12/04 9:00  ,Shooting 12/04 9:00  CAT A,12 Apr 18,9:00 ,17:00,Shooting,SH1201A,SH1201,CAT,A,CAT A,Final,NO,M/O/W,M P 25m Rapid Fire Pistol / O P Queen’s Prize Individual / W P 50m Rifle Prone / W F 50m Rifle Prone,Belmont Shooting Centre, $50.00 
Shooting,Shooting 13/04 9:00  ,Shooting 13/04 9:00  CAT A,13 Apr 18,9:00 ,17:00,Shooting,SH1301A,SH1301,CAT,A,CAT A,Final,NO,M/W,"M P 25m Rapid Fire Pistol, Trap / W P 50m Rifle 3 Positions, Trap / M F 25m Rapid Fire Pistol / W F 50m Rifle 3 Positions, Trap",Belmont Shooting Centre, $50.00 
Shooting,Shooting 14/04 9:00  ,Shooting 14/04 9:00  CAT A,14 Apr 18,9:00 ,17:00,Shooting,SH1401A,SH1401,CAT,A,CAT A,Final,NO,M/O,"M P 50m Rifle 3 Positions / M P Trap / M F 50m Rifle 3 Positions, Trap / O F Queen’s Prize Individual",Belmont Shooting Centre, $50.00 
Swimming,Swimming 05/04 10:30 ,Swimming 05/04 10:30 CAT A,5 Apr 18,10:30,13:30,Swimming,SW0501A,SW0501,CAT,A,CAT A,Prelim,NO,M/W,"M P 100m Backstroke, 200m Breaststroke, 50m Butterfly, 400m Freestyle / W P 50m Breaststroke, S7 50m Butterfly, 100m Butterfly, 200m Freestyle, 400m Individual Medley, 4 x 100m Freestyle Relay",Gold Coast Aquatic Centre, $150.00 
Swimming,Swimming 05/04 10:30 ,Swimming 05/04 10:30 CAT B,5 Apr 18,10:30,13:30,Swimming,SW0501B,SW0501,CAT,B,CAT B,Prelim,NO,M/W,"M P 100m Backstroke, 200m Breaststroke, 50m Butterfly, 400m Freestyle / W P 50m Breaststroke, S7 50m Butterfly, 100m Butterfly, 200m Freestyle, 400m Individual Medley, 4 x 100m Freestyle Relay",Gold Coast Aquatic Centre, $100.00 
Swimming,Swimming 05/04 10:30 ,Swimming 05/04 10:30 CAT C,5 Apr 18,10:30,13:30,Swimming,SW0501C,SW0501,CAT,C,CAT C,Prelim,NO,M/W,"M P 100m Backstroke, 200m Breaststroke, 50m Butterfly, 400m Freestyle / W P 50m Breaststroke, S7 50m Butterfly, 100m Butterfly, 200m Freestyle, 400m Individual Medley, 4 x 100m Freestyle Relay",Gold Coast Aquatic Centre, $50.00 
Swimming,Swimming 05/04 19:30 ,Swimming 05/04 19:30 CAT A,5 Apr 18,19:30,22:30,Swimming,SW0502A,SW0502,CAT,A,CAT A,Final,YES,M/W,"M SF 100m Backstroke, 50m Butterfly / W SF 50m Breaststroke, 100m Butterfly / M F 200m Breaststroke, S14 200m Freestyle, 400m Freestyle / W F S7 50m Butterfly, 200m Freestyle, 400m Individual Medley, 4 x 100m Freestyle Relay",Gold Coast Aquatic Centre, $250.00 
Swimming,Swimming 05/04 19:30 ,Swimming 05/04 19:30 CAT B,5 Apr 18,19:30,22:30,Swimming,SW0502B,SW0502,CAT,B,CAT B,Final,YES,M/W,"M SF 100m Backstroke, 50m Butterfly / W SF 50m Breaststroke, 100m Butterfly / M F 200m Breaststroke, S14 200m Freestyle, 400m Freestyle / W F S7 50m Butterfly, 200m Freestyle, 400m Individual Medley, 4 x 100m Freestyle Relay",Gold Coast Aquatic Centre, $187.50 
Swimming,Swimming 05/04 19:30 ,Swimming 05/04 19:30 CAT C,5 Apr 18,19:30,22:30,Swimming,SW0502C,SW0502,CAT,C,CAT C,Final,YES,M/W,"M SF 100m Backstroke, 50m Butterfly / W SF 50m Breaststroke, 100m Butterfly / M F 200m Breaststroke, S14 200m Freestyle, 400m Freestyle / W F S7 50m Butterfly, 200m Freestyle, 400m Individual Medley, 4 x 100m Freestyle Relay",Gold Coast Aquatic Centre, $100.00 
Swimming,Swimming 06/04 10:30 ,Swimming 06/04 10:30 CAT A,6 Apr 18,10:30,13:00,Swimming,SW0601A,SW0601,CAT,A,CAT A,Prelim,NO,M/W,"M P 100m Breaststroke, S9 100m Freestyle, 200m Freestyle, 400m Individual Medley, 4 x 100m Freestyle Relay / W P S9 100m Backstroke, 100m Backstroke, 50m Freestyle",Gold Coast Aquatic Centre, $150.00 
Swimming,Swimming 06/04 10:30 ,Swimming 06/04 10:30 CAT B,6 Apr 18,10:30,13:00,Swimming,SW0601B,SW0601,CAT,B,CAT B,Prelim,NO,M/W,"M P 100m Breaststroke, S9 100m Freestyle, 200m Freestyle, 400m Individual Medley, 4 x 100m Freestyle Relay / W P S9 100m Backstroke, 100m Backstroke, 50m Freestyle",Gold Coast Aquatic Centre, $100.00 
Swimming,Swimming 06/04 10:30 ,Swimming 06/04 10:30 CAT C,6 Apr 18,10:30,13:00,Swimming,SW0601C,SW0601,CAT,C,CAT C,Prelim,NO,M/W,"M P 100m Breaststroke, S9 100m Freestyle, 200m Freestyle, 400m Individual Medley, 4 x 100m Freestyle Relay / W P S9 100m Backstroke, 100m Backstroke, 50m Freestyle",Gold Coast Aquatic Centre, $50.00 
Swimming,Swimming 06/04 19:30 ,Swimming 06/04 19:30 CAT A,6 Apr 18,19:30,22:30,Swimming,SW0602A,SW0602,CAT,A,CAT A,Final,YES,M/W,"M SF 100m Breaststroke W SF 100m Backstroke, 50m Freestyle / M F 100m Backstroke, 50m Butterfly, S9 100m Freestyle, 200m Freestyle, 400m Individual Medley, 4 x 100m Freestyle Relay / W F S9 100m Backstroke, 50m Breaststroke, 100m Butterfly",Gold Coast Aquatic Centre, $250.00 
Swimming,Swimming 06/04 19:30 ,Swimming 06/04 19:30 CAT B,6 Apr 18,19:30,22:30,Swimming,SW0602B,SW0602,CAT,B,CAT B,Final,YES,M/W,"M SF 100m Breaststroke W SF 100m Backstroke, 50m Freestyle / M F 100m Backstroke, 50m Butterfly, S9 100m Freestyle, 200m Freestyle, 400m Individual Medley, 4 x 100m Freestyle Relay / W F S9 100m Backstroke, 50m Breaststroke, 100m Butterfly",Gold Coast Aquatic Centre, $187.50 
Swimming,Swimming 06/04 19:30 ,Swimming 06/04 19:30 CAT C,6 Apr 18,19:30,22:30,Swimming,SW0602C,SW0602,CAT,C,CAT C,Final,YES,M/W,"M SF 100m Breaststroke W SF 100m Backstroke, 50m Freestyle / M F 100m Backstroke, 50m Butterfly, S9 100m Freestyle, 200m Freestyle, 400m Individual Medley, 4 x 100m Freestyle Relay / W F S9 100m Backstroke, 50m Breaststroke, 100m Butterfly",Gold Coast Aquatic Centre, $100.00 
Swimming,Swimming 07/04 10:30 ,Swimming 07/04 10:30 CAT A,7 Apr 18,10:30,13:00,Swimming,SW0701A,SW0701,CAT,A,CAT A,Prelim,NO,M/W,"M P 50m Backstroke, SB8 100m Breaststroke, 200m Butterfly, 100m Freestyle / W P 200m Breaststroke, 50m Butterfly, SM10 200m Individual Medley, 4 x 200m Freestyle Relay",Gold Coast Aquatic Centre, $150.00 
Swimming,Swimming 07/04 10:30 ,Swimming 07/04 10:30 CAT B,7 Apr 18,10:30,13:00,Swimming,SW0701B,SW0701,CAT,B,CAT B,Prelim,NO,M/W,"M P 50m Backstroke, SB8 100m Breaststroke, 200m Butterfly, 100m Freestyle / W P 200m Breaststroke, 50m Butterfly, SM10 200m Individual Medley, 4 x 200m Freestyle Relay",Gold Coast Aquatic Centre, $100.00 
Swimming,Swimming 07/04 10:30 ,Swimming 07/04 10:30 CAT C,7 Apr 18,10:30,13:00,Swimming,SW0701C,SW0701,CAT,C,CAT C,Prelim,NO,M/W,"M P 50m Backstroke, SB8 100m Breaststroke, 200m Butterfly, 100m Freestyle / W P 200m Breaststroke, 50m Butterfly, SM10 200m Individual Medley, 4 x 200m Freestyle Relay",Gold Coast Aquatic Centre, $50.00 
Swimming,Swimming 07/04 19:30 ,Swimming 07/04 19:30 CAT A,7 Apr 18,19:30,22:30,Swimming,SW0702A,SW0702,CAT,A,CAT A,Final,YES,M/W,"M SF 50m Backstroke, 100m Freestyle / W SF 50m Butterfly / M F SB8 100m Breaststroke, 100m Breaststroke, 200m Butterfly / W F 100m Backstroke, 200m Breaststroke, 50m Freestyle, SM10 200m Individual Medley, 4 x 200m Freestyle Relay",Gold Coast Aquatic Centre, $250.00 
Swimming,Swimming 07/04 19:30 ,Swimming 07/04 19:30 CAT B,7 Apr 18,19:30,22:30,Swimming,SW0702B,SW0702,CAT,B,CAT B,Final,YES,M/W,"M SF 50m Backstroke, 100m Freestyle / W SF 50m Butterfly / M F SB8 100m Breaststroke, 100m Breaststroke, 200m Butterfly / W F 100m Backstroke, 200m Breaststroke, 50m Freestyle, SM10 200m Individual Medley, 4 x 200m Freestyle Relay",Gold Coast Aquatic Centre, $187.50 
Swimming,Swimming 07/04 19:30 ,Swimming 07/04 19:30 CAT C,7 Apr 18,19:30,22:30,Swimming,SW0702C,SW0702,CAT,C,CAT C,Final,YES,M/W,"M SF 50m Backstroke, 100m Freestyle / W SF 50m Butterfly / M F SB8 100m Breaststroke, 100m Breaststroke, 200m Butterfly / W F 100m Backstroke, 200m Breaststroke, 50m Freestyle, SM10 200m Individual Medley, 4 x 200m Freestyle Relay",Gold Coast Aquatic Centre, $100.00 
Swimming,Swimming 08/04 10:30 ,Swimming 08/04 10:30 CAT A,8 Apr 18,10:30,13:00,Swimming,SW0801A,SW0801,CAT,A,CAT A,Prelim,NO,M/W,"M P 50m Breaststroke, 100m Butterfly, SM8 200m Individual Medley, 4 x 200m Freestyle Relay / W P 200m Backstroke, 100m Breaststroke, S9 100m Freestyle, 100m Freestyle, 800m Freestyle, 200m Individual Medley",Gold Coast Aquatic Centre, $150.00 
Swimming,Swimming 08/04 10:30 ,Swimming 08/04 10:30 CAT B,8 Apr 18,10:30,13:00,Swimming,SW0801B,SW0801,CAT,B,CAT B,Prelim,NO,M/W,"M P 50m Breaststroke, 100m Butterfly, SM8 200m Individual Medley, 4 x 200m Freestyle Relay / W P 200m Backstroke, 100m Breaststroke, S9 100m Freestyle, 100m Freestyle, 800m Freestyle, 200m Individual Medley",Gold Coast Aquatic Centre, $100.00 
Swimming,Swimming 08/04 10:30 ,Swimming 08/04 10:30 CAT C,8 Apr 18,10:30,13:00,Swimming,SW0801C,SW0801,CAT,C,CAT C,Prelim,NO,M/W,"M P 50m Breaststroke, 100m Butterfly, SM8 200m Individual Medley, 4 x 200m Freestyle Relay / W P 200m Backstroke, 100m Breaststroke, S9 100m Freestyle, 100m Freestyle, 800m Freestyle, 200m Individual Medley",Gold Coast Aquatic Centre, $50.00 
Swimming,Swimming 08/04 19:30 ,Swimming 08/04 19:30 CAT A,8 Apr 18,19:30,22:30,Swimming,SW0802A,SW0802,CAT,A,CAT A,Final,YES,M/W,"M SF 50m Breaststroke, 100m Butterfly / W SF 100m Breaststroke, 100m Freestyle / M F 50m Backstroke, 100m Freestyle, SM8 200m Individual Medley, 4 x 200m Freestyle Relay / W F 200m Backstroke, 50m Butterfly, S9 100m Freestyle, 200m Individual Medley",Gold Coast Aquatic Centre, $250.00 
Swimming,Swimming 08/04 19:30 ,Swimming 08/04 19:30 CAT B,8 Apr 18,19:30,22:30,Swimming,SW0802B,SW0802,CAT,B,CAT B,Final,YES,M/W,"M SF 50m Breaststroke, 100m Butterfly / W SF 100m Breaststroke, 100m Freestyle / M F 50m Backstroke, 100m Freestyle, SM8 200m Individual Medley, 4 x 200m Freestyle Relay / W F 200m Backstroke, 50m Butterfly, S9 100m Freestyle, 200m Individual Medley",Gold Coast Aquatic Centre, $187.50 
Swimming,Swimming 08/04 19:30 ,Swimming 08/04 19:30 CAT C,8 Apr 18,19:30,22:30,Swimming,SW0802C,SW0802,CAT,C,CAT C,Final,YES,M/W,"M SF 50m Breaststroke, 100m Butterfly / W SF 100m Breaststroke, 100m Freestyle / M F 50m Backstroke, 100m Freestyle, SM8 200m Individual Medley, 4 x 200m Freestyle Relay / W F 200m Backstroke, 50m Butterfly, S9 100m Freestyle, 200m Individual Medley",Gold Coast Aquatic Centre, $100.00 
Swimming,Swimming 09/04 10:30 ,Swimming 09/04 10:30 CAT A,9 Apr 18,10:30,12:30,Swimming,SW0901A,SW0901,CAT,A,CAT A,Prelim,NO,M/W,"M P 200m Backstroke, S7 50m Freestyle, 50m Freestyle, 1500m Freestyle / W P 50m Backstroke, SB9 100m Breaststroke, 200m Butterfly",Gold Coast Aquatic Centre, $150.00 
Swimming,Swimming 09/04 10:30 ,Swimming 09/04 10:30 CAT B,9 Apr 18,10:30,12:30,Swimming,SW0901B,SW0901,CAT,B,CAT B,Prelim,NO,M/W,"M P 200m Backstroke, S7 50m Freestyle, 50m Freestyle, 1500m Freestyle / W P 50m Backstroke, SB9 100m Breaststroke, 200m Butterfly",Gold Coast Aquatic Centre, $100.00 
Swimming,Swimming 09/04 10:30 ,Swimming 09/04 10:30 CAT C,9 Apr 18,10:30,12:30,Swimming,SW0901C,SW0901,CAT,C,CAT C,Prelim,NO,M/W,"M P 200m Backstroke, S7 50m Freestyle, 50m Freestyle, 1500m Freestyle / W P 50m Backstroke, SB9 100m Breaststroke, 200m Butterfly",Gold Coast Aquatic Centre, $50.00 
Swimming,Swimming 09/04 19:30 ,Swimming 09/04 19:30 CAT A,9 Apr 18,19:30,22:30,Swimming,SW0902A,SW0902,CAT,A,CAT A,Final,YES,M/W,"M SF 50m Freestyle / W SF 50m Backstroke / M F 200m Backstroke, 50m Breaststroke, 100m Butterfly, S7 50m Freestyle / W F SB9 100m Breaststroke, 100m Breaststroke, 200m Butterfly, 100m Freestyle, 800m Freestyle",Gold Coast Aquatic Centre, $250.00 
Swimming,Swimming 09/04 19:30 ,Swimming 09/04 19:30 CAT B,9 Apr 18,19:30,22:30,Swimming,SW0902B,SW0902,CAT,B,CAT B,Final,YES,M/W,"M SF 50m Freestyle / W SF 50m Backstroke / M F 200m Backstroke, 50m Breaststroke, 100m Butterfly, S7 50m Freestyle / W F SB9 100m Breaststroke, 100m Breaststroke, 200m Butterfly, 100m Freestyle, 800m Freestyle",Gold Coast Aquatic Centre, $187.50 
Swimming,Swimming 09/04 19:30 ,Swimming 09/04 19:30 CAT C,9 Apr 18,19:30,22:30,Swimming,SW0902C,SW0902,CAT,C,CAT C,Final,YES,M/W,"M SF 50m Freestyle / W SF 50m Backstroke / M F 200m Backstroke, 50m Breaststroke, 100m Butterfly, S7 50m Freestyle / W F SB9 100m Breaststroke, 100m Breaststroke, 200m Butterfly, 100m Freestyle, 800m Freestyle",Gold Coast Aquatic Centre, $100.00 
Swimming,Swimming 10/04 10:30 ,Swimming 10/04 10:30 CAT A,10 Apr 18,10:30,12:30,Swimming,SW1001A,SW1001,CAT,A,CAT A,Prelim,NO,M/W,"M P S9 100m Backstroke, 200m Individual Medley, 4 x 100m Medley Relay / W P S8 50m Freestyle, 400m Freestyle, 4 x 100m Medley Relay",Gold Coast Aquatic Centre, $150.00 
Swimming,Swimming 10/04 10:30 ,Swimming 10/04 10:30 CAT B,10 Apr 18,10:30,12:30,Swimming,SW1001B,SW1001,CAT,B,CAT B,Prelim,NO,M/W,"M P S9 100m Backstroke, 200m Individual Medley, 4 x 100m Medley Relay / W P S8 50m Freestyle, 400m Freestyle, 4 x 100m Medley Relay",Gold Coast Aquatic Centre, $100.00 
Swimming,Swimming 10/04 10:30 ,Swimming 10/04 10:30 CAT C,10 Apr 18,10:30,12:30,Swimming,SW1001C,SW1001,CAT,C,CAT C,Prelim,NO,M/W,"M P S9 100m Backstroke, 200m Individual Medley, 4 x 100m Medley Relay / W P S8 50m Freestyle, 400m Freestyle, 4 x 100m Medley Relay",Gold Coast Aquatic Centre, $50.00 
Swimming,Swimming 10/04 19:30 ,Swimming 10/04 19:30 CAT A,10 Apr 18,19:30,22:30,Swimming,SW1002A,SW1002,CAT,A,CAT A,Final,YES,M/W,"M F S9 100m Backstroke, 50m Freestyle, 1500m Freestyle, 200m Individual Medley, 4 x 100m Medley Relay / W F 50m Backstroke, S8 50m Freestyle, 400m Freestyle, 4 x 100m Medley Relay",Gold Coast Aquatic Centre, $250.00 
Swimming,Swimming 10/04 19:30 ,Swimming 10/04 19:30 CAT B,10 Apr 18,19:30,22:30,Swimming,SW1002B,SW1002,CAT,B,CAT B,Final,YES,M/W,"M F S9 100m Backstroke, 50m Freestyle, 1500m Freestyle, 200m Individual Medley, 4 x 100m Medley Relay / W F 50m Backstroke, S8 50m Freestyle, 400m Freestyle, 4 x 100m Medley Relay",Gold Coast Aquatic Centre, $187.50 
Swimming,Swimming 10/04 19:30 ,Swimming 10/04 19:30 CAT C,10 Apr 18,19:30,22:30,Swimming,SW1002C,SW1002,CAT,C,CAT C,Final,YES,M/W,"M F S9 100m Backstroke, 50m Freestyle, 1500m Freestyle, 200m Individual Medley, 4 x 100m Medley Relay / W F 50m Backstroke, S8 50m Freestyle, 400m Freestyle, 4 x 100m Medley Relay",Gold Coast Aquatic Centre, $100.00 
Athletics,Athletics 08/04 14:00 ,Athletics 08/04 14:00 CAT A,8 Apr 18,14:00,18:00,Athletics,AT0801A,AT0801,CAT,A,CAT A,Final,NO,M/W,"M P 100m, 400m, Shot Put, Hammer Throw / W P 100m / M SF 100m / W SF 100m / M F 5000m / W F T38 Long Jump",Carrara Stadium, $150.00 
Athletics,Athletics 08/04 14:00 ,Athletics 08/04 14:00 CAT B,8 Apr 18,14:00,18:00,Athletics,AT0801B,AT0801,CAT,B,CAT B,Final,NO,M/W,"M P 100m, 400m, Shot Put, Hammer Throw / W P 100m / M SF 100m / W SF 100m / M F 5000m / W F T38 Long Jump",Carrara Stadium, $100.00 
Athletics,Athletics 08/04 14:00 ,Athletics 08/04 14:00 CAT C,8 Apr 18,14:00,18:00,Athletics,AT0801C,AT0801,CAT,C,CAT C,Final,NO,M/W,"M P 100m, 400m, Shot Put, Hammer Throw / W P 100m / M SF 100m / W SF 100m / M F 5000m / W F T38 Long Jump",Carrara Stadium, $50.00 
Athletics,Athletics 09/04 10:00 ,Athletics 09/04 10:00 CAT A,9 Apr 18,10:00,12:30,Athletics,AT0901A,AT0901,CAT,A,CAT A,Prelim,NO,M/W,"M P T54 1500m*, 110m Hurdles, High Jump, Decathlon: 100m, Long Jump, Shot Put / W P 400m, T54 1500m*, Hammer Throw",Carrara Stadium, $100.00 
Athletics,Athletics 09/04 10:00 ,Athletics 09/04 10:00 CAT B,9 Apr 18,10:00,12:30,Athletics,AT0901B,AT0901,CAT,B,CAT B,Prelim,NO,M/W,"M P T54 1500m*, 110m Hurdles, High Jump, Decathlon: 100m, Long Jump, Shot Put / W P 400m, T54 1500m*, Hammer Throw",Carrara Stadium, $75.00 
Athletics,Athletics 09/04 10:00 ,Athletics 09/04 10:00 CAT C,9 Apr 18,10:00,12:30,Athletics,AT0901C,AT0901,CAT,C,CAT C,Prelim,NO,M/W,"M P T54 1500m*, 110m Hurdles, High Jump, Decathlon: 100m, Long Jump, Shot Put / W P 400m, T54 1500m*, Hammer Throw",Carrara Stadium, $25.00 
Athletics,Athletics 09/04 19:00 ,Athletics 09/04 19:00 CAT A,9 Apr 18,19:00,22:30,Athletics,AT0902A,AT0902,CAT,A,CAT A,Super Final,NO,M/W,"M P Decathlon: High Jump, 400m / W P 1500m, Triple Jump / M SF 400m / M F T38 100m, 100m, Shot Put, Hammer Throw / W F 100m, 10,000m, F46 Javelin Throw",Carrara Stadium, $187.50 
Athletics,Athletics 09/04 19:00 ,Athletics 09/04 19:00 CAT B,9 Apr 18,19:00,22:30,Athletics,AT0902B,AT0902,CAT,B,CAT B,Super Final,NO,M/W,"M P Decathlon: High Jump, 400m / W P 1500m, Triple Jump / M SF 400m / M F T38 100m, 100m, Shot Put, Hammer Throw / W F 100m, 10,000m, F46 Javelin Throw",Carrara Stadium, $125.00 
Athletics,Athletics 09/04 19:00 ,Athletics 09/04 19:00 CAT C,9 Apr 18,19:00,22:30,Athletics,AT0902C,AT0902,CAT,C,CAT C,Super Final,NO,M/W,"M P Decathlon: High Jump, 400m / W P 1500m, Triple Jump / M SF 400m / M F T38 100m, 100m, Shot Put, Hammer Throw / W F 100m, 10,000m, F46 Javelin Throw",Carrara Stadium, $75.00 
Athletics,Athletics 10/04 10:00 ,Athletics 10/04 10:00 CAT A,10 Apr 18,10:00,14:00,Athletics,AT1001A,AT1001,CAT,A,CAT A,Prelim,NO,M/W,"M P 200m, 800m, 400m Hurdles*, Long Jump, Decathlon: 110m Hurdles, Discus Throw, Pole Vault / W P 200m, 400m Hurdles*, Discus Throw",Carrara Stadium, $100.00 
Athletics,Athletics 10/04 10:00 ,Athletics 10/04 10:00 CAT B,10 Apr 18,10:00,14:00,Athletics,AT1001B,AT1001,CAT,B,CAT B,Prelim,NO,M/W,"M P 200m, 800m, 400m Hurdles*, Long Jump, Decathlon: 110m Hurdles, Discus Throw, Pole Vault / W P 200m, 400m Hurdles*, Discus Throw",Carrara Stadium, $75.00 
Athletics,Athletics 10/04 10:00 ,Athletics 10/04 10:00 CAT C,10 Apr 18,10:00,14:00,Athletics,AT1001C,AT1001,CAT,C,CAT C,Prelim,NO,M/W,"M P 200m, 800m, 400m Hurdles*, Long Jump, Decathlon: 110m Hurdles, Discus Throw, Pole Vault / W P 200m, 400m Hurdles*, Discus Throw",Carrara Stadium, $25.00 
Athletics,Athletics 10/04 19:00 ,Athletics 10/04 19:00 CAT A,10 Apr 18,19:00,22:30,Athletics,AT1002A,AT1002,CAT,A,CAT A,Final,NO,M/W,"W SF 400m / M F 400m, T54 1500m, 110m Hurdles, Decathlon: Javelin Throw, 1500m / W F T54 1500m, 1500m, Triple Jump, Hammer Throw",Carrara Stadium, $150.00 
Athletics,Athletics 10/04 19:00 ,Athletics 10/04 19:00 CAT B,10 Apr 18,19:00,22:30,Athletics,AT1002B,AT1002,CAT,B,CAT B,Final,NO,M/W,"W SF 400m / M F 400m, T54 1500m, 110m Hurdles, Decathlon: Javelin Throw, 1500m / W F T54 1500m, 1500m, Triple Jump, Hammer Throw",Carrara Stadium, $100.00 
Athletics,Athletics 10/04 19:00 ,Athletics 10/04 19:00 CAT C,10 Apr 18,19:00,22:30,Athletics,AT1002C,AT1002,CAT,C,CAT C,Final,NO,M/W,"W SF 400m / M F 400m, T54 1500m, 110m Hurdles, Decathlon: Javelin Throw, 1500m / W F T54 1500m, 1500m, Triple Jump, Hammer Throw",Carrara Stadium, $50.00 
Athletics,Athletics 11/04 19:00 ,Athletics 11/04 19:00 CAT A,11 Apr 18,19:00,22:30,Athletics,AT1101A,AT1101,CAT,A,CAT A,Final,NO,M/W,"W P 800m*, Long Jump / M SF 200m, 800m, 400m Hurdles / W SF 200m, 400m Hurdles / M F High Jump, Long Jump, F38 Shot Put / W F T35 100m, 400m, 3000m Steeplechase, Javelin Throw",Carrara Stadium, $150.00 
Athletics,Athletics 11/04 19:00 ,Athletics 11/04 19:00 CAT B,11 Apr 18,19:00,22:30,Athletics,AT1101B,AT1101,CAT,B,CAT B,Final,NO,M/W,"W P 800m*, Long Jump / M SF 200m, 800m, 400m Hurdles / W SF 200m, 400m Hurdles / M F High Jump, Long Jump, F38 Shot Put / W F T35 100m, 400m, 3000m Steeplechase, Javelin Throw",Carrara Stadium, $100.00 
Athletics,Athletics 11/04 19:00 ,Athletics 11/04 19:00 CAT C,11 Apr 18,19:00,22:30,Athletics,AT1101C,AT1101,CAT,C,CAT C,Final,NO,M/W,"W P 800m*, Long Jump / M SF 200m, 800m, 400m Hurdles / W SF 200m, 400m Hurdles / M F High Jump, Long Jump, F38 Shot Put / W F T35 100m, 400m, 3000m Steeplechase, Javelin Throw",Carrara Stadium, $50.00 
Athletics,Athletics 12/04 10:00 ,Athletics 12/04 10:00 CAT A,12 Apr 18,10:00,13:30,Athletics,AT1201A,AT1201,CAT,A,CAT A,Prelim,NO,M/W,"M P T12 100m, Triple Jump, Discus Throw / W P 100m Hurdles, High Jump, Shot Put*, Heptathlon: 100m Hurdles, High Jump / W SF 800m",Carrara Stadium, $100.00 
Athletics,Athletics 12/04 10:00 ,Athletics 12/04 10:00 CAT B,12 Apr 18,10:00,13:30,Athletics,AT1201B,AT1201,CAT,B,CAT B,Prelim,NO,M/W,"M P T12 100m, Triple Jump, Discus Throw / W P 100m Hurdles, High Jump, Shot Put*, Heptathlon: 100m Hurdles, High Jump / W SF 800m",Carrara Stadium, $75.00 
Athletics,Athletics 12/04 10:00 ,Athletics 12/04 10:00 CAT C,12 Apr 18,10:00,13:30,Athletics,AT1201C,AT1201,CAT,C,CAT C,Prelim,NO,M/W,"M P T12 100m, Triple Jump, Discus Throw / W P 100m Hurdles, High Jump, Shot Put*, Heptathlon: 100m Hurdles, High Jump / W SF 800m",Carrara Stadium, $25.00 
Athletics,Athletics 12/04 19:00 ,Athletics 12/04 19:00 CAT A,12 Apr 18,19:00,22:30,Athletics,AT1202A,AT1202,CAT,A,CAT A,Super Final,NO,M/W,"W P Heptathlon: Shot Put, 200m / M F T12 100m, 200m, 800m, 400m Hurdles, Pole Vault / W F T38 100m, 200m, 400m Hurdles, Long Jump, Discus Throw",Carrara Stadium, $187.50 
Athletics,Athletics 12/04 19:00 ,Athletics 12/04 19:00 CAT B,12 Apr 18,19:00,22:30,Athletics,AT1202B,AT1202,CAT,B,CAT B,Super Final,NO,M/W,"W P Heptathlon: Shot Put, 200m / M F T12 100m, 200m, 800m, 400m Hurdles, Pole Vault / W F T38 100m, 200m, 400m Hurdles, Long Jump, Discus Throw",Carrara Stadium, $125.00 
Athletics,Athletics 12/04 19:00 ,Athletics 12/04 19:00 CAT C,12 Apr 18,19:00,22:30,Athletics,AT1202C,AT1202,CAT,C,CAT C,Super Final,NO,M/W,"W P Heptathlon: Shot Put, 200m / M F T12 100m, 200m, 800m, 400m Hurdles, Pole Vault / W F T38 100m, 200m, 400m Hurdles, Long Jump, Discus Throw",Carrara Stadium, $75.00 
Athletics,Athletics 13/04 10:00 ,Athletics 13/04 10:00 CAT A,13 Apr 18,10:00,13:00,Athletics,AT1301A,AT1301,CAT,A,CAT A,Prelim,NO,M/W,"M P 1500m, Javelin Throw, 4 x 100m Relay, 4 x 400m Relay / W P 4 x 100m Relay, 4 x 400m Relay, Heptathlon: Long Jump, Javelin Throw",Carrara Stadium, $100.00 
Athletics,Athletics 13/04 10:00 ,Athletics 13/04 10:00 CAT B,13 Apr 18,10:00,13:00,Athletics,AT1301B,AT1301,CAT,B,CAT B,Prelim,NO,M/W,"M P 1500m, Javelin Throw, 4 x 100m Relay, 4 x 400m Relay / W P 4 x 100m Relay, 4 x 400m Relay, Heptathlon: Long Jump, Javelin Throw",Carrara Stadium, $75.00 
Athletics,Athletics 13/04 10:00 ,Athletics 13/04 10:00 CAT C,13 Apr 18,10:00,13:00,Athletics,AT1301C,AT1301,CAT,C,CAT C,Prelim,NO,M/W,"M P 1500m, Javelin Throw, 4 x 100m Relay, 4 x 400m Relay / W P 4 x 100m Relay, 4 x 400m Relay, Heptathlon: Long Jump, Javelin Throw",Carrara Stadium, $25.00 
Athletics,Athletics 13/04 19:00 ,Athletics 13/04 19:00 CAT A,13 Apr 18,19:00,22:30,Athletics,AT1302A,AT1302,CAT,A,CAT A,Final,NO,M/W,"M F T47 100m, 10,000m, 3000m Steeplechase, Discus Throw / W F 800m, 100m Hurdles, Pole Vault, Shot Put, Heptathlon: 800m",Carrara Stadium, $150.00 
Athletics,Athletics 13/04 19:00 ,Athletics 13/04 19:00 CAT B,13 Apr 18,19:00,22:30,Athletics,AT1302B,AT1302,CAT,B,CAT B,Final,NO,M/W,"M F T47 100m, 10,000m, 3000m Steeplechase, Discus Throw / W F 800m, 100m Hurdles, Pole Vault, Shot Put, Heptathlon: 800m",Carrara Stadium, $100.00 
Athletics,Athletics 13/04 19:00 ,Athletics 13/04 19:00 CAT C,13 Apr 18,19:00,22:30,Athletics,AT1302C,AT1302,CAT,C,CAT C,Final,NO,M/W,"M F T47 100m, 10,000m, 3000m Steeplechase, Discus Throw / W F 800m, 100m Hurdles, Pole Vault, Shot Put, Heptathlon: 800m",Carrara Stadium, $50.00 
Athletics,Athletics 14/04 14:30 ,Athletics 14/04 14:30 CAT A,14 Apr 18,14:30,18:00,Athletics,AT1401A,AT1401,CAT,A,CAT A,Super Final,NO,M/W,"M F 1500m, Triple Jump, Javelin Throw, 4 x 100m Relay, 4 x 400m Relay / W F 5000m, High Jump, 4 x 100m Relay, 4 x 400m Relay",Carrara Stadium, $187.50 
Athletics,Athletics 14/04 14:30 ,Athletics 14/04 14:30 CAT B,14 Apr 18,14:30,18:00,Athletics,AT1401B,AT1401,CAT,B,CAT B,Super Final,NO,M/W,"M F 1500m, Triple Jump, Javelin Throw, 4 x 100m Relay, 4 x 400m Relay / W F 5000m, High Jump, 4 x 100m Relay, 4 x 400m Relay",Carrara Stadium, $125.00 
Athletics,Athletics 14/04 14:30 ,Athletics 14/04 14:30 CAT C,14 Apr 18,14:30,18:00,Athletics,AT1401C,AT1401,CAT,C,CAT C,Super Final,NO,M/W,"M F 1500m, Triple Jump, Javelin Throw, 4 x 100m Relay, 4 x 400m Relay / W F 5000m, High Jump, 4 x 100m Relay, 4 x 400m Relay",Carrara Stadium, $75.00 
Badminton,Badminton 05/04 9:00  ,Badminton 05/04 9:00  CAT A,5 Apr 18,9:00 ,12:30,Badminton,BD0501A,BD0501,CAT,A,CAT A,Prelim,NO,X,Team,Carrara Sports and Leisure Centre, $25.00 
Badminton,Badminton 05/04 14:00 ,Badminton 05/04 14:00 CAT A,5 Apr 18,14:00,17:30,Badminton,BD0502A,BD0502,CAT,A,CAT A,Prelim,NO,X,Team,Carrara Sports and Leisure Centre, $25.00 
Badminton,Badminton 05/04 19:00 ,Badminton 05/04 19:00 CAT A,5 Apr 18,19:00,22:30,Badminton,BD0503A,BD0503,CAT,A,CAT A,Prelim,NO,X,Team,Carrara Sports and Leisure Centre, $25.00 
Badminton,Badminton 06/04 9:00  ,Badminton 06/04 9:00  CAT A,6 Apr 18,9:00 ,12:30,Badminton,BD0601A,BD0601,CAT,A,CAT A,Prelim,NO,X,Team,Carrara Sports and Leisure Centre, $25.00 
Badminton,Badminton 06/04 14:00 ,Badminton 06/04 14:00 CAT A,6 Apr 18,14:00,17:30,Badminton,BD0602A,BD0602,CAT,A,CAT A,Prelim,NO,X,Team,Carrara Sports and Leisure Centre, $25.00 
Badminton,Badminton 06/04 19:00 ,Badminton 06/04 19:00 CAT A,6 Apr 18,19:00,22:30,Badminton,BD0603A,BD0603,CAT,A,CAT A,Prelim,NO,X,Team,Carrara Sports and Leisure Centre, $25.00 
Badminton,Badminton 07/04 11:00 ,Badminton 07/04 11:00 CAT A,7 Apr 18,11:00,14:30,Badminton,BD0701A,BD0701,CAT,A,CAT A,Prelim,NO,X,Team,Carrara Sports and Leisure Centre, $25.00 
Badminton,Badminton 07/04 17:30 ,Badminton 07/04 17:30 CAT A,7 Apr 18,17:30,21:00,Badminton,BD0702A,BD0702,CAT,A,CAT A,Prelim,NO,X,Team,Carrara Sports and Leisure Centre, $25.00 
Badminton,Badminton 08/04 11:00 ,Badminton 08/04 11:00 CAT A,8 Apr 18,11:00,15:00,Badminton,BD0801A,BD0801,CAT,A,CAT A,Semifinal,NO,X,Team,Carrara Sports and Leisure Centre, $25.00 
Badminton,Badminton 08/04 17:30 ,Badminton 08/04 17:30 CAT A,8 Apr 18,17:30,21:30,Badminton,BD0802A,BD0802,CAT,A,CAT A,Semifinal,NO,X,Team,Carrara Sports and Leisure Centre, $25.00 
Badminton,Badminton 09/04 11:00 ,Badminton 09/04 11:00 CAT A,9 Apr 18,11:00,15:00,Badminton,BD0901A,BD0901,CAT,A,CAT A,Final,NO,X,Team Bronze Medal Match,Carrara Sports and Leisure Centre, $37.50 
Badminton,Badminton 09/04 17:30 ,Badminton 09/04 17:30 CAT A,9 Apr 18,17:30,21:30,Badminton,BD0902A,BD0902,CAT,A,CAT A,Final,NO,X,Team Gold Medal Match,Carrara Sports and Leisure Centre, $50.00 
Badminton,Badminton 10/04 9:00  ,Badminton 10/04 9:00  CAT A,10 Apr 18,9:00 ,15:00,Badminton,BD1001A,BD1001,CAT,A,CAT A,Prelim,NO,M/W/X*,Singles and Doubles,Carrara Sports and Leisure Centre, $25.00 
Badminton,Badminton 10/04 16:30 ,Badminton 10/04 16:30 CAT A,10 Apr 18,16:30,22:30,Badminton,BD1002A,BD1002,CAT,A,CAT A,Prelim,NO,M/W/X*,Singles and Doubles,Carrara Sports and Leisure Centre, $25.00 
Badminton,Badminton 11/04 9:00  ,Badminton 11/04 9:00  CAT A,11 Apr 18,9:00 ,15:00,Badminton,BD1101A,BD1101,CAT,A,CAT A,Prelim,NO,M/W/X*,Singles and Doubles,Carrara Sports and Leisure Centre, $25.00 
Badminton,Badminton 11/04 16:30 ,Badminton 11/04 16:30 CAT A,11 Apr 18,16:30,22:30,Badminton,BD1102A,BD1102,CAT,A,CAT A,Prelim,NO,M/W/X*,Singles and Doubles,Carrara Sports and Leisure Centre, $25.00 
Badminton,Badminton 12/04 11:00 ,Badminton 12/04 11:00 CAT A,12 Apr 18,11:00,15:00,Badminton,BD1201A,BD1201,CAT,A,CAT A,Prelim,NO,M/W/X*,Singles and Doubles,Carrara Sports and Leisure Centre, $25.00 
Badminton,Badminton 12/04 17:30 ,Badminton 12/04 17:30 CAT A,12 Apr 18,17:30,21:30,Badminton,BD1202A,BD1202,CAT,A,CAT A,Prelim,NO,M/W/X*,Singles and Doubles,Carrara Sports and Leisure Centre, $25.00 
Badminton,Badminton 13/04 11:00 ,Badminton 13/04 11:00 CAT A,13 Apr 18,11:00,15:30,Badminton,BD1301A,BD1301,CAT,A,CAT A,Quarterfinal,NO,M/W/X,Singles and Doubles,Carrara Sports and Leisure Centre, $25.00 
Badminton,Badminton 13/04 17:30 ,Badminton 13/04 17:30 CAT A,13 Apr 18,17:30,21:00,Badminton,BD1302A,BD1302,CAT,A,CAT A,Quarterfinal,NO,M/W/X,Singles and Doubles,Carrara Sports and Leisure Centre, $25.00 
Badminton,Badminton 14/04 11:00 ,Badminton 14/04 11:00 CAT A,14 Apr 18,11:00,15:00,Badminton,BD1401A,BD1401,CAT,A,CAT A,Semifinal,NO,M/W/X,Singles and Doubles,Carrara Sports and Leisure Centre, $25.00 
Badminton,Badminton 14/04 17:30 ,Badminton 14/04 17:30 CAT A,14 Apr 18,17:30,22:30,Badminton,BD1402A,BD1402,CAT,A,CAT A,Final,NO,M/W/X,Singles and Doubles Bronze Medal Matches,Carrara Sports and Leisure Centre, $37.50 
Badminton,Badminton 15/04 9:00  ,Badminton 15/04 9:00  CAT A,15 Apr 18,9:00 ,14:00,Badminton,BD1501A,BD1501,CAT,A,CAT A,Final,NO,M/W/X,Singles and Doubles Gold Medal Matches,Carrara Sports and Leisure Centre, $50.00 
Triathlon,Triathlon 05/04 9:30  ,Triathlon 05/04 9:30  CAT A,5 Apr 18,9:30 ,14:00,Triathlon,TR0501A,TR0501,CAT,A,CAT A,Final,NO,M/W,Men's and Women's Final,Southport Broadwater Parklands, $50.00 
Triathlon,Triathlon 07/04 9:30  ,Triathlon 07/04 9:30  CAT A,7 Apr 18,9:30 ,14:30,Triathlon,TR0701A,TR0701,CAT,A,CAT A,Final,NO,M/W/X,PT1 Men’s and Women’s Final / X Team Relay,Southport Broadwater Parklands, $50.00 
Wrestling,Wrestling 12/04 9:30  ,Wrestling 12/04 9:30  CAT A,12 Apr 18,9:30 ,12:30,Wrestling,WR1201A,WR1201,CAT,A,CAT A,Prelim,NO,M/W,"M P 57kg, 74kg / W P 53kg, 75kg",Carrara Sports and Leisure Centre, $25.00 
Wrestling,Wrestling 12/04 17:00 ,Wrestling 12/04 17:00 CAT A,12 Apr 18,17:00,20:00,Wrestling,WR1202A,WR1202,CAT,A,CAT A,Final,NO,M/W,"M F 57kg, 74kg / W F 53kg, 75kg",Carrara Sports and Leisure Centre, $50.00 
Wrestling,Wrestling 13/04 9:30  ,Wrestling 13/04 9:30  CAT A,13 Apr 18,9:30 ,12:30,Wrestling,WR1301A,WR1301,CAT,A,CAT A,Prelim,NO,M/W,"M P 65kg, 97kg / W P 58kg, 69kg",Carrara Sports and Leisure Centre, $25.00 
Wrestling,Wrestling 13/04 17:00 ,Wrestling 13/04 17:00 CAT A,13 Apr 18,17:00,20:00,Wrestling,WR1302A,WR1302,CAT,A,CAT A,Final,NO,M/W,"M F 65kg, 97kg / W F 58kg, 69kg",Carrara Sports and Leisure Centre, $50.00 
Wrestling,Wrestling 14/04 9:30  ,Wrestling 14/04 9:30  CAT A,14 Apr 18,9:30 ,12:30,Wrestling,WR1401A,WR1401,CAT,A,CAT A,Prelim,NO,M/W,"M P 86kg, 125kg / W P 48kg, 63kg",Carrara Sports and Leisure Centre, $25.00 
Wrestling,Wrestling 14/04 17:00 ,Wrestling 14/04 17:00 CAT A,14 Apr 18,17:00,20:00,Wrestling,WR1402A,WR1402,CAT,A,CAT A,Final,NO,M/W,"M F 86kg, 125kg / W F 48kg, 63kg",Carrara Sports and Leisure Centre, $50.00 
Basketball,Basketball 05/04 17:30 ,Basketball 05/04 17:30 CAT A,5 Apr 18,17:30,22:00,Basketball,BB0501A,BB0501,CAT,A,CAT A,Prelim,NO,M,Preliminaries (2 Games),Townsville Entertainment and Convention Centre, $37.50 
Basketball,Basketball 06/04 18:30 ,Basketball 06/04 18:30 CAT A,6 Apr 18,18:30,23:00,Basketball,BB0601A,BB0601,CAT,A,CAT A,Prelim,NO,W,Preliminaries (2 Games),Townsville Entertainment and Convention Centre, $37.50 
Basketball,Basketball 07/04 17:30 ,Basketball 07/04 17:30 CAT A,7 Apr 18,17:30,22:00,Basketball,BB0701A,BB0701,CAT,A,CAT A,Prelim,NO,M,Preliminaries (2 Games),Townsville Entertainment and Convention Centre, $37.50 
Basketball,Basketball 08/04 11:30 ,Basketball 08/04 11:30 CAT A,8 Apr 18,11:30,16:00,Basketball,BB0801A,BB0801,CAT,A,CAT A,Prelim,NO,M/W,Preliminaries,Townsville Entertainment and Convention Centre, $37.50 
Basketball,Basketball 08/04 18:30 ,Basketball 08/04 18:30 CAT A,8 Apr 18,18:30,23:00,Basketball,BB0802A,BB0802,CAT,A,CAT A,Prelim,NO,M/W,Preliminaries,Townsville Entertainment and Convention Centre, $37.50 
Basketball,Basketball 09/04 17:30 ,Basketball 09/04 17:30 CAT A,9 Apr 18,17:30,22:00,Basketball,BB0901A,BB0901,CAT,A,CAT A,Prelim,NO,W,Preliminaries (2 Games),Townsville Entertainment and Convention Centre, $37.50 
Basketball,Basketball 10/04 18:30 ,Basketball 10/04 18:30 CAT A,10 Apr 18,18:30,23:00,Basketball,BB1001A,BB1001,CAT,A,CAT A,Qualifiying Finals,NO,W,Qualifiying Finals (2 Games),Townsville Entertainment and Convention Centre, $37.50 
Basketball,Basketball 05/04 18:30 ,Basketball 05/04 18:30 CAT A,5 Apr 18,18:30,23:00,Basketball,BK0501A,BK0501,CAT,A,CAT A,Prelim,NO,W,Preliminaries (2 Games),Cairns Convention Centre, $37.50 
Basketball,Basketball 06/04 17:30 ,Basketball 06/04 17:30 CAT A,6 Apr 18,17:30,22:00,Basketball,BK0601A,BK0601,CAT,A,CAT A,Prelim,NO,M,Preliminaries (2 Games),Cairns Convention Centre, $37.50 
Basketball,Basketball 07/04 11:30 ,Basketball 07/04 11:30 CAT A,7 Apr 18,11:30,16:00,Basketball,BK0701A,BK0701,CAT,A,CAT A,Prelim,NO,M/W,Preliminaries,Cairns Convention Centre, $37.50 
Basketball,Basketball 07/04 18:30 ,Basketball 07/04 18:30 CAT A,7 Apr 18,18:30,23:00,Basketball,BK0702A,BK0702,CAT,A,CAT A,Prelim,NO,M/W,Preliminaries,Cairns Convention Centre, $37.50 
Basketball,Basketball 08/04 17:30 ,Basketball 08/04 17:30 CAT A,8 Apr 18,17:30,22:00,Basketball,BK0801A,BK0801,CAT,A,CAT A,Prelim,NO,W,Preliminaries (2 Games),Cairns Convention Centre, $37.50 
Basketball,Basketball 09/04 18:30 ,Basketball 09/04 18:30 CAT A,9 Apr 18,18:30,23:00,Basketball,BK0901A,BK0901,CAT,A,CAT A,Prelim,NO,M,Preliminaries (2 Games),Cairns Convention Centre, $37.50 
Basketball,Basketball 10/04 17:30 ,Basketball 10/04 17:30 CAT A,10 Apr 18,17:30,22:00,Basketball,BK1001A,BK1001,CAT,A,CAT A,Qualifiying Finals,NO,M,Qualifiying Finals (2 Games),Cairns Convention Centre, $37.50 
Basketball,Basketball 13/04 18:00 ,Basketball 13/04 18:00 CAT A,13 Apr 18,18:00,22:30,Basketball,BK1301A,BK1301,CAT,A,CAT A,Semifinal,NO,W,Semi Final (2 Games),Gold Coast Convention and Exhibition Centre, $75.00 
Basketball,Basketball 13/04 18:00 ,Basketball 13/04 18:00 CAT B,13 Apr 18,18:00,22:30,Basketball,BK1301B,BK1301,CAT,B,CAT B,Semifinal,NO,W,Semi Final (2 Games),Gold Coast Convention and Exhibition Centre, $50.00 
Basketball,Basketball 14/04 10:00 ,Basketball 14/04 10:00 CAT A,14 Apr 18,10:00,14:30,Basketball,BK1401A,BK1401,CAT,A,CAT A,Semifinal,NO,M,Semi Final (2 Games),Gold Coast Convention and Exhibition Centre, $75.00 
Basketball,Basketball 14/04 10:00 ,Basketball 14/04 10:00 CAT B,14 Apr 18,10:00,14:30,Basketball,BK1401B,BK1401,CAT,B,CAT B,Semifinal,NO,M,Semi Final (2 Games),Gold Coast Convention and Exhibition Centre, $50.00 
Basketball,Basketball 14/04 18:00 ,Basketball 14/04 18:00 CAT A,14 Apr 18,18:00,23:00,Basketball,BK1402A,BK1402,CAT,A,CAT A,Final,NO,W,Gold and Bronze Medal Games,Gold Coast Convention and Exhibition Centre, $100.00 
Basketball,Basketball 14/04 18:00 ,Basketball 14/04 18:00 CAT B,14 Apr 18,18:00,23:00,Basketball,BK1402B,BK1402,CAT,B,CAT B,Final,NO,W,Gold and Bronze Medal Games,Gold Coast Convention and Exhibition Centre, $75.00 
Basketball,Basketball 15/04 9:00  ,Basketball 15/04 9:00  CAT A,15 Apr 18,9:00 ,14:00,Basketball,BK1501A,BK1501,CAT,A,CAT A,Final,NO,M,Gold and Bronze Medal Games,Gold Coast Convention and Exhibition Centre, $100.00 
Basketball,Basketball 15/04 9:00  ,Basketball 15/04 9:00  CAT B,15 Apr 18,9:00 ,14:00,Basketball,BK1501B,BK1501,CAT,B,CAT B,Final,NO,M,Gold and Bronze Medal Games,Gold Coast Convention and Exhibition Centre, $75.00 
Lawn Bowls,Lawn Bowls 05/04 9:00  ,Lawn Bowls 05/04 9:00  CAT A,5 Apr 18,9:00 ,14:15,Lawn Bowls,LB0501A,LB0501,CAT,A,CAT A,Prelim,NO,M/W,M P Triples / W P Singles,Broadbeach Bowls Club, $25.00 
Lawn Bowls,Lawn Bowls 05/04 16:00 ,Lawn Bowls 05/04 16:00 CAT A,5 Apr 18,16:00,21:15,Lawn Bowls,LB0502A,LB0502,CAT,A,CAT A,Prelim,NO,M/W/O/X,M P Pairs / O P B6/B7/B8 Triples / W P Fours / X P B2/B3 Pairs,Broadbeach Bowls Club, $25.00 
Lawn Bowls,Lawn Bowls 06/04 9:00  ,Lawn Bowls 06/04 9:00  CAT A,6 Apr 18,9:00 ,14:15,Lawn Bowls,LB0601A,LB0601,CAT,A,CAT A,Prelim,NO,M/W,M P Triples / W P Singles,Broadbeach Bowls Club, $25.00 
Lawn Bowls,Lawn Bowls 06/04 16:00 ,Lawn Bowls 06/04 16:00 CAT A,6 Apr 18,16:00,21:15,Lawn Bowls,LB0602A,LB0602,CAT,A,CAT A,Prelim,NO,M/W/O/X,M P Pairs / O P B6/B7/B8 Triples / W P Fours / X P B2/B3 Pairs,Broadbeach Bowls Club, $25.00 
Lawn Bowls,Lawn Bowls 07/04 9:00  ,Lawn Bowls 07/04 9:00  CAT A,7 Apr 18,9:00 ,14:15,Lawn Bowls,LB0701A,LB0701,CAT,A,CAT A,Prelim,NO,M/W,M P Pairs and Triples / W P Fours and Singles,Broadbeach Bowls Club, $25.00 
Lawn Bowls,Lawn Bowls 07/04 16:00 ,Lawn Bowls 07/04 16:00 CAT A,7 Apr 18,16:00,21:15,Lawn Bowls,LB0702A,LB0702,CAT,A,CAT A,Prelim,NO,M/W/O/X,O P B6/B7/B8 Triples / X P B2/B3 Pairs / M QF Pairs and Triples / W QF Fours and Singles,Broadbeach Bowls Club, $25.00 
Lawn Bowls,Lawn Bowls 08/04 9:00  ,Lawn Bowls 08/04 9:00  CAT A,8 Apr 18,9:00 ,15:45,Lawn Bowls,LB0801A,LB0801,CAT,A,CAT A,Final,NO,M/W/X,X P B2/B3 Pairs / M SF Pairs and Triples / W SF Fours and Singles / M F Triples Gold and Bronze Medal Matches,Broadbeach Bowls Club, $50.00 
Lawn Bowls,Lawn Bowls 08/04 17:30 ,Lawn Bowls 08/04 17:30 CAT A,8 Apr 18,17:30,20:30,Lawn Bowls,LB0802A,LB0802,CAT,A,CAT A,Final,NO,W/O,O P B6/B7/B8 Triples / W F Singles Gold and Bronze Medal Matches,Broadbeach Bowls Club, $50.00 
Lawn Bowls,Lawn Bowls 09/04 9:00  ,Lawn Bowls 09/04 9:00  CAT A,9 Apr 18,9:00 ,15:30,Lawn Bowls,LB0901A,LB0901,CAT,A,CAT A,Final,NO,M/W/X,M P Singles / W P Pairs / X P B2/B3 Pairs / M F Pairs Gold and Bronze Medal Matches / W F Fours Gold and Bronze Medal Matches,Broadbeach Bowls Club, $50.00 
Lawn Bowls,Lawn Bowls 09/04 17:00 ,Lawn Bowls 09/04 17:00 CAT A,9 Apr 18,17:00,22:15,Lawn Bowls,LB0902A,LB0902,CAT,A,CAT A,Prelim,NO,M/W/O,M P Fours / O P B6/B7/B8 Triples / W P Triples,Broadbeach Bowls Club, $25.00 
Lawn Bowls,Lawn Bowls 10/04 9:00  ,Lawn Bowls 10/04 9:00  CAT A,10 Apr 18,9:00 ,14:15,Lawn Bowls,LB1001A,LB1001,CAT,A,CAT A,Prelim,NO,M/W,M P Singles / W P Pairs,Broadbeach Bowls Club, $25.00 
Lawn Bowls,Lawn Bowls 10/04 16:00 ,Lawn Bowls 10/04 16:00 CAT A,10 Apr 18,16:00,21:15,Lawn Bowls,LB1002A,LB1002,CAT,A,CAT A,Prelim,NO,M/W/X,M P Fours / W P Triples / X SF B2/B3 Pairs,Broadbeach Bowls Club, $25.00 
Lawn Bowls,Lawn Bowls 11/04 9:00  ,Lawn Bowls 11/04 9:00  CAT A,11 Apr 18,9:00 ,14:15,Lawn Bowls,LB1101A,LB1101,CAT,A,CAT A,Prelim,NO,M/W,M P Singles / W P Pairs,Broadbeach Bowls Club, $25.00 
Lawn Bowls,Lawn Bowls 11/04 16:00 ,Lawn Bowls 11/04 16:00 CAT A,11 Apr 18,16:00,21:45,Lawn Bowls,LB1102A,LB1102,CAT,A,CAT A,Final,NO,M/W/O/X,M P Fours / W P Triples / W QF Triples / O SF B6/B7/B8 Triples / X F B2/B3 Pairs Gold and Bronze Medal Matches,Broadbeach Bowls Club, $50.00 
Lawn Bowls,Lawn Bowls 12/04 9:00  ,Lawn Bowls 12/04 9:00  CAT A,12 Apr 18,9:00 ,15:45,Lawn Bowls,LB1201A,LB1201,CAT,A,CAT A,Final,NO,M/W/O,M QF Fours and Singles / W QF Pairs / W SF Pairs and Triples / O F B6/B7/B8 Triples Gold and Bronze Medal Matches,Broadbeach Bowls Club, $50.00 
Lawn Bowls,Lawn Bowls 12/04 17:30 ,Lawn Bowls 12/04 17:30 CAT A,12 Apr 18,17:30,20:30,Lawn Bowls,LB1202A,LB1202,CAT,A,CAT A,Final,NO,M/W,M SF Fours / W F Triples Gold and Bronze Medal Matches,Broadbeach Bowls Club, $50.00 
Lawn Bowls,Lawn Bowls 13/04 9:00  ,Lawn Bowls 13/04 9:00  CAT A,13 Apr 18,9:00 ,15:45,Lawn Bowls,LB1301A,LB1301,CAT,A,CAT A,Final,NO,M/W,M SF Singles / M F Fours Gold and Bronze Medal Matches / W F Pairs Gold and Bronze Medal Matches,Broadbeach Bowls Club, $50.00 
Lawn Bowls,Lawn Bowls 13/04 17:30 ,Lawn Bowls 13/04 17:30 CAT A,13 Apr 18,17:30,20:30,Lawn Bowls,LB1302A,LB1302,CAT,A,CAT A,Final,NO,M,M F Singles Gold and Bronze Medal Matches,Broadbeach Bowls Club, $50.00 
Weightlifting,Weightlift. 05/04 9:30  ,Weightlift. 05/04 9:30  CAT A,5 Apr 18,9:30 ,12:00,Weightlifting,WL0501A,WL0501,CAT,A,CAT A,Final,NO,M,56kg,Carrara Sports and Leisure Centre, $50.00 
Weightlifting,Weightlift. 05/04 14:00 ,Weightlift. 05/04 14:00 CAT A,5 Apr 18,14:00,16:30,Weightlifting,WL0502A,WL0502,CAT,A,CAT A,Final,NO,W,48kg,Carrara Sports and Leisure Centre, $50.00 
Weightlifting,Weightlift. 05/04 18:30 ,Weightlift. 05/04 18:30 CAT A,5 Apr 18,18:30,21:00,Weightlifting,WL0503A,WL0503,CAT,A,CAT A,Final,NO,M,62kg,Carrara Sports and Leisure Centre, $50.00 
Weightlifting,Weightlift. 06/04 9:30  ,Weightlift. 06/04 9:30  CAT A,6 Apr 18,9:30 ,12:00,Weightlifting,WL0601A,WL0601,CAT,A,CAT A,Final,NO,W,53kg,Carrara Sports and Leisure Centre, $50.00 
Weightlifting,Weightlift. 06/04 14:00 ,Weightlift. 06/04 14:00 CAT A,6 Apr 18,14:00,16:30,Weightlifting,WL0602A,WL0602,CAT,A,CAT A,Final,NO,M,69kg,Carrara Sports and Leisure Centre, $50.00 
Weightlifting,Weightlift. 06/04 18:30 ,Weightlift. 06/04 18:30 CAT A,6 Apr 18,18:30,21:00,Weightlifting,WL0603A,WL0603,CAT,A,CAT A,Final,NO,W,58kg,Carrara Sports and Leisure Centre, $50.00 
Weightlifting,Weightlift. 07/04 9:30  ,Weightlift. 07/04 9:30  CAT A,7 Apr 18,9:30 ,12:00,Weightlifting,WL0701A,WL0701,CAT,A,CAT A,Final,NO,M,77kg,Carrara Sports and Leisure Centre, $50.00 
Weightlifting,Weightlift. 07/04 14:00 ,Weightlift. 07/04 14:00 CAT A,7 Apr 18,14:00,16:30,Weightlifting,WL0702A,WL0702,CAT,A,CAT A,Final,NO,W,63kg,Carrara Sports and Leisure Centre, $50.00 
Weightlifting,Weightlift. 07/04 18:30 ,Weightlift. 07/04 18:30 CAT A,7 Apr 18,18:30,21:00,Weightlifting,WL0703A,WL0703,CAT,A,CAT A,Final,NO,M,85kg,Carrara Sports and Leisure Centre, $50.00 
Weightlifting,Weightlift. 08/04 9:30  ,Weightlift. 08/04 9:30  CAT A,8 Apr 18,9:30 ,12:00,Weightlifting,WL0801A,WL0801,CAT,A,CAT A,Final,NO,W,69kg,Carrara Sports and Leisure Centre, $50.00 
Weightlifting,Weightlift. 08/04 14:00 ,Weightlift. 08/04 14:00 CAT A,8 Apr 18,14:00,16:30,Weightlifting,WL0802A,WL0802,CAT,A,CAT A,Final,NO,M,94kg,Carrara Sports and Leisure Centre, $50.00 
Weightlifting,Weightlift. 08/04 18:30 ,Weightlift. 08/04 18:30 CAT A,8 Apr 18,18:30,21:00,Weightlifting,WL0803A,WL0803,CAT,A,CAT A,Final,NO,W,75kg,Carrara Sports and Leisure Centre, $50.00 
Weightlifting,Weightlift. 09/04 9:30  ,Weightlift. 09/04 9:30  CAT A,9 Apr 18,9:30 ,12:00,Weightlifting,WL0901A,WL0901,CAT,A,CAT A,Final,NO,M,105kg,Carrara Sports and Leisure Centre, $50.00 
Weightlifting,Weightlift. 09/04 14:00 ,Weightlift. 09/04 14:00 CAT A,9 Apr 18,14:00,16:30,Weightlifting,WL0902A,WL0902,CAT,A,CAT A,Final,NO,W,90kg and +90kg,Carrara Sports and Leisure Centre, $50.00 
Weightlifting,Weightlift. 09/04 18:30 ,Weightlift. 09/04 18:30 CAT A,9 Apr 18,18:30,21:00,Weightlifting,WL0903A,WL0903,CAT,A,CAT A,Final,NO,M, +105kg,Carrara Sports and Leisure Centre, $50.00 
Cycling Mountain Bike,Mount. Bike 12/04 10:30 ,Mount. Bike 12/04 10:30 CAT A,12 Apr 18,10:30,16:00,Cycling Mountain Bike,CM1201A,CM1201,CAT,A,CAT A,Final,NO,M/W,Cross Country,Nerang Mountain Bike Trails, $50.00 
Rugby Sevens,Rugby Sevens 13/04 16:30 ,Rugby Sevens 13/04 16:30 CAT A,13 Apr 18,16:30,20:30,Rugby Sevens,RU1301A,RU1301,CAT,A,CAT A,Prelim,NO,W,Preliminaries,Robina Stadium, $50.00 
Rugby Sevens,Rugby Sevens 13/04 16:30 ,Rugby Sevens 13/04 16:30 CAT B,13 Apr 18,16:30,20:30,Rugby Sevens,RU1301B,RU1301,CAT,B,CAT B,Prelim,NO,W,Preliminaries,Robina Stadium, $37.50 
Rugby Sevens,Rugby Sevens 14/04 09:30 ,Rugby Sevens 14/04 09:30 CAT A,14 Apr 18,09:30,14:30,Rugby Sevens,RU1401A,RU1401,CAT,A,CAT A,Prelim,NO,M/W,Preliminaries,Robina Stadium, $50.00 
Rugby Sevens,Rugby Sevens 14/04 09:30 ,Rugby Sevens 14/04 09:30 CAT B,14 Apr 18,09:30,14:30,Rugby Sevens,RU1401B,RU1401,CAT,B,CAT B,Prelim,NO,M/W,Preliminaries,Robina Stadium, $37.50 
Rugby Sevens,Rugby Sevens 14/04 17:30 ,Rugby Sevens 14/04 17:30 CAT A,14 Apr 18,17:30,22:30,Rugby Sevens,RU1402A,RU1402,CAT,A,CAT A,Prelim,NO,M/W,Preliminaries,Robina Stadium, $75.00 
Rugby Sevens,Rugby Sevens 14/04 17:30 ,Rugby Sevens 14/04 17:30 CAT B,14 Apr 18,17:30,22:30,Rugby Sevens,RU1402B,RU1402,CAT,B,CAT B,Prelim,NO,M/W,Preliminaries,Robina Stadium, $50.00 
Rugby Sevens,Rugby Sevens 15/04 9:30  ,Rugby Sevens 15/04 9:30  CAT A,15 Apr 18,9:30 ,16:00,Rugby Sevens,RU1501A,RU1501,CAT,A,CAT A,Final,NO,M/W/X,"Classification, Semi-finals, Gold and Bronze Medal Matches",Robina Stadium, $125.00 
Rugby Sevens,Rugby Sevens 15/04 9:30  ,Rugby Sevens 15/04 9:30  CAT B,15 Apr 18,9:30 ,16:00,Rugby Sevens,RU1501B,RU1501,CAT,B,CAT B,Final,NO,M/W/X,"Classification, Semi-finals, Gold and Bronze Medal Matches",Robina Stadium, $75.00 
Table Tennis,Table Tennis 05/04 9:30  ,Table Tennis 05/04 9:30  CAT A,5 Apr 18,9:30 ,14:30,Table Tennis,TT0501A,TT0501,CAT,A,CAT A,Prelim,NO,M/W,Team Group Stage,Oxenford Studios, $25.00 
Table Tennis,Table Tennis 05/04 16:00 ,Table Tennis 05/04 16:00 CAT A,5 Apr 18,16:00,21:00,Table Tennis,TT0502A,TT0502,CAT,A,CAT A,Prelim,NO,M/W,Team Group Stage,Oxenford Studios, $25.00 
Table Tennis,Table Tennis 06/04 9:30  ,Table Tennis 06/04 9:30  CAT A,6 Apr 18,9:30 ,14:30,Table Tennis,TT0601A,TT0601,CAT,A,CAT A,Prelim,NO,M/W,Team Group Stage,Oxenford Studios, $25.00 
Table Tennis,Table Tennis 06/04 16:00 ,Table Tennis 06/04 16:00 CAT A,6 Apr 18,16:00,21:00,Table Tennis,TT0602A,TT0602,CAT,A,CAT A,Prelim,NO,M/W,M P Team Group Stage / W P Team Knockout Stage,Oxenford Studios, $25.00 
Table Tennis,Table Tennis 07/04 9:30  ,Table Tennis 07/04 9:30  CAT A,7 Apr 18,9:30 ,14:30,Table Tennis,TT0701A,TT0701,CAT,A,CAT A,Prelim,NO,M,Team Knockout Stage,Oxenford Studios, $25.00 
Table Tennis,Table Tennis 07/04 16:00 ,Table Tennis 07/04 16:00 CAT A,7 Apr 18,16:00,21:00,Table Tennis,TT0702A,TT0702,CAT,A,CAT A,Quarterfinal,NO,M/W,Team,Oxenford Studios, $25.00 
Table Tennis,Table Tennis 08/04 9:30  ,Table Tennis 08/04 9:30  CAT A,8 Apr 18,9:30 ,14:30,Table Tennis,TT0801A,TT0801,CAT,A,CAT A,Semifinal,NO,M/W,M QF Team / W SF Team,Oxenford Studios, $25.00 
Table Tennis,Table Tennis 08/04 16:00 ,Table Tennis 08/04 16:00 CAT A,8 Apr 18,16:00,21:00,Table Tennis,TT0802A,TT0802,CAT,A,CAT A,Final,NO,W,Team Gold and Bronze Medal Matches,Oxenford Studios, $50.00 
Table Tennis,Table Tennis 09/04 9:30  ,Table Tennis 09/04 9:30  CAT A,9 Apr 18,9:30 ,14:30,Table Tennis,TT0901A,TT0901,CAT,A,CAT A,Semifinal,NO,M,Team,Oxenford Studios, $25.00 
Table Tennis,Table Tennis 09/04 16:00 ,Table Tennis 09/04 16:00 CAT A,9 Apr 18,16:00,21:00,Table Tennis,TT0902A,TT0902,CAT,A,CAT A,Final,NO,M,Team Gold and Bronze Medal Matches,Oxenford Studios, $50.00 
Table Tennis,Table Tennis 10/04 9:30  ,Table Tennis 10/04 9:30  CAT A,10 Apr 18,9:30 ,15:00,Table Tennis,TT1001A,TT1001,CAT,A,CAT A,Prelim,NO,M/W,Singles Group Stage,Oxenford Studios, $25.00 
Table Tennis,Table Tennis 10/04 16:30 ,Table Tennis 10/04 16:30 CAT A,10 Apr 18,16:30,21:30,Table Tennis,TT1002A,TT1002,CAT,A,CAT A,Prelim,NO,M/W,TT6-10 Singles Group Stage; Singles Group Stage,Oxenford Studios, $25.00 
Table Tennis,Table Tennis 11/04 9:30  ,Table Tennis 11/04 9:30  CAT A,11 Apr 18,9:30 ,15:00,Table Tennis,TT1101A,TT1101,CAT,A,CAT A,Prelim,NO,M/W/X,"M,W P TT6-10 Singles Group Stage / M,W,X P Doubles Knockout Stage",Oxenford Studios, $25.00 
Table Tennis,Table Tennis 11/04 16:30 ,Table Tennis 11/04 16:30 CAT A,11 Apr 18,16:30,21:30,Table Tennis,TT1102A,TT1102,CAT,A,CAT A,Prelim,NO,M/W,"Doubles Knockout Stage, Singles Knockout Stage",Oxenford Studios, $25.00 
Table Tennis,Table Tennis 12/04 9:30  ,Table Tennis 12/04 9:30  CAT A,12 Apr 18,9:30 ,15:00,Table Tennis,TT1201A,TT1201,CAT,A,CAT A,Prelim,NO,M/W/X,"M,W P TT6-10 Singles Group Stage / W P Doubles Knockout Stage, Singles Knockout Stage / X P Doubles Knockout Stage",Oxenford Studios, $25.00 
Table Tennis,Table Tennis 12/04 16:30 ,Table Tennis 12/04 16:30 CAT A,12 Apr 18,16:30,21:30,Table Tennis,TT1202A,TT1202,CAT,A,CAT A,Quarterfinal,NO,M/W,"M P Doubles Knockout Stage, Singles Knockout Stage / W P Singles Knockout Stage / W QF Doubles",Oxenford Studios, $25.00 
Table Tennis,Table Tennis 13/04 9:30  ,Table Tennis 13/04 9:30  CAT A,13 Apr 18,9:30 ,15:00,Table Tennis,TT1301A,TT1301,CAT,A,CAT A,Semifinal,NO,M/W/X,"M P Singles Knockout Stage / M,X QF Doubles / M,W SF TT6-10 Singles / W SF Doubles",Oxenford Studios, $25.00 
Table Tennis,Table Tennis 13/04 16:30 ,Table Tennis 13/04 16:30 CAT A,13 Apr 18,16:30,21:30,Table Tennis,TT1302A,TT1302,CAT,A,CAT A,Final,NO,M/W,"M,W QF Singles / W F Doubles Gold and Bronze Medal Matches",Oxenford Studios, $50.00 
Table Tennis,Table Tennis 14/04 9:30  ,Table Tennis 14/04 9:30  CAT A,14 Apr 18,9:30 ,15:00,Table Tennis,TT1401A,TT1401,CAT,A,CAT A,Final,NO,M/W,"M SF Doubles / W SF Singles / M,W F TT6-10 Singles Gold and Bronze Medal Matches",Oxenford Studios, $50.00 
Table Tennis,Table Tennis 14/04 16:30 ,Table Tennis 14/04 16:30 CAT A,14 Apr 18,16:30,21:30,Table Tennis,TT1402A,TT1402,CAT,A,CAT A,Final,NO,M/W,M SF Singles / M F Doubles Gold and Bronze Medal Matches / W F Singles Gold and Bronze Medal Matches,Oxenford Studios, $50.00 
Table Tennis,Table Tennis 15/04 09:30 ,Table Tennis 15/04 09:30 CAT A,15 Apr 18,09:30,14:30,Table Tennis,TT1501A,TT1501,CAT,A,CAT A,Final,NO,M/X,X SF Doubles / M F Singles Gold and Bronze Medal Matches / X F Doubles Gold and Bronze Medal Matches,Oxenford Studios, $50.00 
Beach Volleyball,Beach Volley 06/04 10:30 ,Beach Volley 06/04 10:30 CAT A,6 Apr 18,10:30,13:30,Beach Volleyball,BV0601A,BV0601,CAT,A,CAT A,Prelim,NO,M/W,Preliminaries (3 Matches),Coolangatta Beachfront, $37.50 
Beach Volleyball,Beach Volley 06/04 15:00 ,Beach Volley 06/04 15:00 CAT A,6 Apr 18,15:00,18:00,Beach Volleyball,BV0602A,BV0602,CAT,A,CAT A,Prelim,NO,M/W,Preliminaries (3 Matches),Coolangatta Beachfront, $37.50 
Beach Volleyball,Beach Volley 06/04 19:30 ,Beach Volley 06/04 19:30 CAT A,6 Apr 18,19:30,22:30,Beach Volleyball,BV0603A,BV0603,CAT,A,CAT A,Prelim,NO,M/W,Preliminaries (3 Matches),Coolangatta Beachfront, $37.50 
Beach Volleyball,Beach Volley 07/04 10:30 ,Beach Volley 07/04 10:30 CAT A,7 Apr 18,10:30,13:30,Beach Volleyball,BV0701A,BV0701,CAT,A,CAT A,Prelim,NO,M/W,Preliminaries (3 Matches),Coolangatta Beachfront, $37.50 
Beach Volleyball,Beach Volley 07/04 15:00 ,Beach Volley 07/04 15:00 CAT A,7 Apr 18,15:00,18:00,Beach Volleyball,BV0702A,BV0702,CAT,A,CAT A,Prelim,NO,M/W,Preliminaries (3 Matches),Coolangatta Beachfront, $37.50 
Beach Volleyball,Beach Volley 07/04 19:30 ,Beach Volley 07/04 19:30 CAT A,7 Apr 18,19:30,22:30,Beach Volleyball,BV0703A,BV0703,CAT,A,CAT A,Prelim,NO,M/W,Preliminaries (3 Matches),Coolangatta Beachfront, $37.50 
Beach Volleyball,Beach Volley 08/04 10:30 ,Beach Volley 08/04 10:30 CAT A,8 Apr 18,10:30,13:30,Beach Volleyball,BV0801A,BV0801,CAT,A,CAT A,Prelim,NO,M/W,Preliminaries (3 Matches),Coolangatta Beachfront, $37.50 
Beach Volleyball,Beach Volley 08/04 15:00 ,Beach Volley 08/04 15:00 CAT A,8 Apr 18,15:00,18:00,Beach Volleyball,BV0802A,BV0802,CAT,A,CAT A,Prelim,NO,M/W,Preliminaries (3 Matches),Coolangatta Beachfront, $37.50 
Beach Volleyball,Beach Volley 08/04 19:30 ,Beach Volley 08/04 19:30 CAT A,8 Apr 18,19:30,22:30,Beach Volleyball,BV0803A,BV0803,CAT,A,CAT A,Prelim,NO,M/W,Preliminaries (3 Matches),Coolangatta Beachfront, $37.50 
Beach Volleyball,Beach Volley 09/04 11:00 ,Beach Volley 09/04 11:00 CAT A,9 Apr 18,11:00,13:00,Beach Volleyball,BV0901A,BV0901,CAT,A,CAT A,Prelim,NO,M/W,Preliminaries (3 Matches),Coolangatta Beachfront, $37.50 
Beach Volleyball,Beach Volley 09/04 15:00 ,Beach Volley 09/04 15:00 CAT A,9 Apr 18,15:00,18:00,Beach Volleyball,BV0902A,BV0902,CAT,A,CAT A,Prelim,NO,M/W,Preliminaries (3 Matches),Coolangatta Beachfront, $37.50 
Beach Volleyball,Beach Volley 09/04 19:30 ,Beach Volley 09/04 19:30 CAT A,9 Apr 18,19:30,22:30,Beach Volleyball,BV0903A,BV0903,CAT,A,CAT A,Prelim,NO,M/W,Preliminaries (3 Matches),Coolangatta Beachfront, $37.50 
Beach Volleyball,Beach Volley 10/04 11:00 ,Beach Volley 10/04 11:00 CAT A,10 Apr 18,11:00,13:00,Beach Volleyball,BV1001A,BV1001,CAT,A,CAT A,Quarterfinal,NO,M,Preliminaries (3 Matches),Coolangatta Beachfront, $37.50 
Beach Volleyball,Beach Volley 10/04 15:00 ,Beach Volley 10/04 15:00 CAT A,10 Apr 18,15:00,18:00,Beach Volleyball,BV1002A,BV1002,CAT,A,CAT A,Quarterfinal,NO,M/W,Preliminaries (3 Matches),Coolangatta Beachfront, $37.50 
Beach Volleyball,Beach Volley 10/04 19:30 ,Beach Volley 10/04 19:30 CAT A,10 Apr 18,19:30,22:30,Beach Volleyball,BV1003A,BV1003,CAT,A,CAT A,Quarterfinal,NO,M/W,Preliminaries (3 Matches),Coolangatta Beachfront, $37.50 
Beach Volleyball,Beach Volley 11/04 16:00 ,Beach Volley 11/04 16:00 CAT A,11 Apr 18,16:00,18:00,Beach Volleyball,BV1101A,BV1101,CAT,A,CAT A,Semifinal,NO,M,Semi-finals (2 Matches),Coolangatta Beachfront, $100.00 
Beach Volleyball,Beach Volley 11/04 16:00 ,Beach Volley 11/04 16:00 CAT B,11 Apr 18,16:00,18:00,Beach Volleyball,BV1101B,BV1101,CAT,B,CAT B,Semifinal,NO,M,Semi-finals (2 Matches),Coolangatta Beachfront, $62.50 
Beach Volleyball,Beach Volley 11/04 19:30 ,Beach Volley 11/04 19:30 CAT A,11 Apr 18,19:30,21:30,Beach Volleyball,BV1102A,BV1102,CAT,A,CAT A,Semifinal,NO,W,Semi-finals (2 Matches),Coolangatta Beachfront, $100.00 
Beach Volleyball,Beach Volley 11/04 19:30 ,Beach Volley 11/04 19:30 CAT B,11 Apr 18,19:30,21:30,Beach Volleyball,BV1102B,BV1102,CAT,B,CAT B,Semifinal,NO,W,Semi-finals (2 Matches),Coolangatta Beachfront, $62.50 
Beach Volleyball,Beach Volley 12/04 15:30 ,Beach Volley 12/04 15:30 CAT A,12 Apr 18,15:30,18:00,Beach Volleyball,BV1201A,BV1201,CAT,A,CAT A,Final,YES,M,Gold and Bronze Medal Matches,Coolangatta Beachfront, $125.00 
Beach Volleyball,Beach Volley 12/04 15:30 ,Beach Volley 12/04 15:30 CAT B,12 Apr 18,15:30,18:00,Beach Volleyball,BV1201B,BV1201,CAT,B,CAT B,Final,YES,M,Gold and Bronze Medal Matches,Coolangatta Beachfront, $87.50 
Beach Volleyball,Beach Volley 12/04 19:30 ,Beach Volley 12/04 19:30 CAT A,12 Apr 18,19:30,22:00,Beach Volleyball,BV1202A,BV1202,CAT,A,CAT A,Final,YES,W,Gold and Bronze Medal Matches,Coolangatta Beachfront, $125.00 
Beach Volleyball,Beach Volley 12/04 19:30 ,Beach Volley 12/04 19:30 CAT B,12 Apr 18,19:30,22:00,Beach Volleyball,BV1202B,BV1202,CAT,B,CAT B,Final,YES,W,Gold and Bronze Medal Matches,Coolangatta Beachfront, $87.50 
Closing Ceremony,Closing Cer. 15/04 20:30 ,Closing Cer. 15/04 20:30 CAT A,15 Apr 18,20:30,23:30,Closing Ceremony,ZC1501A,ZC1501,CAT,A,CAT A,Ceremony,CER,X,Closing Ceremony,Carrara Stadium, $400.00 
Closing Ceremony,Closing Cer. 15/04 20:30 ,Closing Cer. 15/04 20:30 CAT B,15 Apr 18,20:30,23:30,Closing Ceremony,ZC1501B,ZC1501,CAT,B,CAT B,Ceremony,CER,X,Closing Ceremony,Carrara Stadium, $300.00 
Closing Ceremony,Closing Cer. 15/04 20:30 ,Closing Cer. 15/04 20:30 CAT C,15 Apr 18,20:30,23:30,Closing Ceremony,ZC1501C,ZC1501,CAT,C,CAT C,Ceremony,CER,X,Closing Ceremony,Carrara Stadium, $187.50 
Opening Ceremony,Closing Cer. 04/04 20:00 ,Closing Cer. 04/04 20:00 CAT A,4 Apr 18,20:00,23:30,Opening Ceremony,ZO0401A,ZO0401,CAT,A,CAT A,Ceremony,CER,X,Opening Ceremony,Carrara Stadium, $545.00 
Opening Ceremony,Closing Cer. 04/04 20:00 ,Closing Cer. 04/04 20:00 CAT B,4 Apr 18,20:00,23:30,Opening Ceremony,ZO0401B,ZO0401,CAT,B,CAT B,Ceremony,CER,X,Opening Ceremony,Carrara Stadium, $430.00 
Opening Ceremony,Closing Cer. 04/04 20:00 ,Closing Cer. 04/04 20:00 CAT C,4 Apr 18,20:00,23:30,Opening Ceremony,ZO0401C,ZO0401,CAT,C,CAT C,Ceremony,CER,X,Opening Ceremony,Carrara Stadium, $300.00 
Para Powerlifting,Powerlifting 10/04 10:30 ,Powerlifting 10/04 10:30 CAT A,10 Apr 18,10:30,13:00,Para Powerlifting,PO1001A,PO1001,CAT,A,CAT A,Final,NO,M,Lightweight Finals,Carrara Sports and Leisure Centre, $37.50 
Para Powerlifting,Powerlifting 10/04 14:30 ,Powerlifting 10/04 14:30 CAT A,10 Apr 18,14:30,18:00,Para Powerlifting,PO1002A,PO1002,CAT,A,CAT A,Final,NO,W,Lightweight and Heavyweight Finals,Carrara Sports and Leisure Centre, $37.50 
Para Powerlifting,Powerlifting 10/04 19:30 ,Powerlifting 10/04 19:30 CAT A,10 Apr 18,19:30,22:00,Para Powerlifting,PO1003A,PO1003,CAT,A,CAT A,Final,NO,M,Heavyweight Finals,Carrara Sports and Leisure Centre, $37.50 
Gymnastics Artistic,Gym Artistic 05/04 9:00  ,Gym Artistic 05/04 9:00  CAT A,5 Apr 18,9:00 ,15:00,Gymnastics Artistic,GA0501A,GA0501,CAT,A,CAT A,Prelim,NO,M,Team Final and Individual Qualification,Coomera Indoor Sports Centre, $75.00 
Gymnastics Artistic,Gym Artistic 05/04 9:00  ,Gym Artistic 05/04 9:00  CAT B,5 Apr 18,9:00 ,15:00,Gymnastics Artistic,GA0501B,GA0501,CAT,B,CAT B,Prelim,NO,M,Team Final and Individual Qualification,Coomera Indoor Sports Centre, $50.00 
Gymnastics Artistic,Gym Artistic 05/04 9:00  ,Gym Artistic 05/04 9:00  CAT C,5 Apr 18,9:00 ,15:00,Gymnastics Artistic,GA0501C,GA0501,CAT,C,CAT C,Prelim,NO,M,Team Final and Individual Qualification,Coomera Indoor Sports Centre, $25.00 
Gymnastics Artistic,Gym Artistic 05/04 17:00 ,Gym Artistic 05/04 17:00 CAT A,5 Apr 18,17:00,20:15,Gymnastics Artistic,GA0502A,GA0502,CAT,A,CAT A,Final,NO,M,Team Final and Individual Qualification,Coomera Indoor Sports Centre, $112.50 
Gymnastics Artistic,Gym Artistic 05/04 17:00 ,Gym Artistic 05/04 17:00 CAT B,5 Apr 18,17:00,20:15,Gymnastics Artistic,GA0502B,GA0502,CAT,B,CAT B,Final,NO,M,Team Final and Individual Qualification,Coomera Indoor Sports Centre, $75.00 
Gymnastics Artistic,Gym Artistic 05/04 17:00 ,Gym Artistic 05/04 17:00 CAT C,5 Apr 18,17:00,20:15,Gymnastics Artistic,GA0502C,GA0502,CAT,C,CAT C,Final,NO,M,Team Final and Individual Qualification,Coomera Indoor Sports Centre, $50.00 
Gymnastics Artistic,Gym Artistic 06/04 9:00  ,Gym Artistic 06/04 9:00  CAT A,6 Apr 18,9:00 ,14:00,Gymnastics Artistic,GA0601A,GA0601,CAT,A,CAT A,Prelim,NO,W,Team Final and Individual Qualification,Coomera Indoor Sports Centre, $75.00 
Gymnastics Artistic,Gym Artistic 06/04 9:00  ,Gym Artistic 06/04 9:00  CAT B,6 Apr 18,9:00 ,14:00,Gymnastics Artistic,GA0601B,GA0601,CAT,B,CAT B,Prelim,NO,W,Team Final and Individual Qualification,Coomera Indoor Sports Centre, $50.00 
Gymnastics Artistic,Gym Artistic 06/04 9:00  ,Gym Artistic 06/04 9:00  CAT C,6 Apr 18,9:00 ,14:00,Gymnastics Artistic,GA0601C,GA0601,CAT,C,CAT C,Prelim,NO,W,Team Final and Individual Qualification,Coomera Indoor Sports Centre, $25.00 
Gymnastics Artistic,Gym Artistic 06/04 16:00 ,Gym Artistic 06/04 16:00 CAT A,6 Apr 18,16:00,21:00,Gymnastics Artistic,GA0602A,GA0602,CAT,A,CAT A,Final,NO,W,Team Final and Individual Qualification,Coomera Indoor Sports Centre, $112.50 
Gymnastics Artistic,Gym Artistic 06/04 16:00 ,Gym Artistic 06/04 16:00 CAT B,6 Apr 18,16:00,21:00,Gymnastics Artistic,GA0602B,GA0602,CAT,B,CAT B,Final,NO,W,Team Final and Individual Qualification,Coomera Indoor Sports Centre, $75.00 
Gymnastics Artistic,Gym Artistic 06/04 16:00 ,Gym Artistic 06/04 16:00 CAT C,6 Apr 18,16:00,21:00,Gymnastics Artistic,GA0602C,GA0602,CAT,C,CAT C,Final,NO,W,Team Final and Individual Qualification,Coomera Indoor Sports Centre, $50.00 
Gymnastics Artistic,Gym Artistic 07/04 9:00  ,Gym Artistic 07/04 9:00  CAT A,7 Apr 18,9:00 ,11:45,Gymnastics Artistic,GA0701A,GA0701,CAT,A,CAT A,Final,NO,M,Individual All-Around Final,Coomera Indoor Sports Centre, $112.50 
Gymnastics Artistic,Gym Artistic 07/04 9:00  ,Gym Artistic 07/04 9:00  CAT B,7 Apr 18,9:00 ,11:45,Gymnastics Artistic,GA0701B,GA0701,CAT,B,CAT B,Final,NO,M,Individual All-Around Final,Coomera Indoor Sports Centre, $75.00 
Gymnastics Artistic,Gym Artistic 07/04 9:00  ,Gym Artistic 07/04 9:00  CAT C,7 Apr 18,9:00 ,11:45,Gymnastics Artistic,GA0701C,GA0701,CAT,C,CAT C,Final,NO,M,Individual All-Around Final,Coomera Indoor Sports Centre, $50.00 
Gymnastics Artistic,Gym Artistic 07/04 16:30 ,Gym Artistic 07/04 16:30 CAT A,7 Apr 18,16:30,19:15,Gymnastics Artistic,GA0702A,GA0702,CAT,A,CAT A,Final,NO,W,Individual All-Around Final,Coomera Indoor Sports Centre, $112.50 
Gymnastics Artistic,Gym Artistic 07/04 16:30 ,Gym Artistic 07/04 16:30 CAT B,7 Apr 18,16:30,19:15,Gymnastics Artistic,GA0702B,GA0702,CAT,B,CAT B,Final,NO,W,Individual All-Around Final,Coomera Indoor Sports Centre, $75.00 
Gymnastics Artistic,Gym Artistic 07/04 16:30 ,Gym Artistic 07/04 16:30 CAT C,7 Apr 18,16:30,19:15,Gymnastics Artistic,GA0702C,GA0702,CAT,C,CAT C,Final,NO,W,Individual All-Around Final,Coomera Indoor Sports Centre, $50.00 
Gymnastics Artistic,Gym Artistic 08/04 14:30 ,Gym Artistic 08/04 14:30 CAT A,8 Apr 18,14:30,18:00,Gymnastics Artistic,GA0801A,GA0801,CAT,A,CAT A,Final,NO,M,"M Floor Exercise, Pommel Horse, Rings / W Vault, Uneven Bars",Coomera Indoor Sports Centre, $112.50 
Gymnastics Artistic,Gym Artistic 08/04 14:30 ,Gym Artistic 08/04 14:30 CAT B,8 Apr 18,14:30,18:00,Gymnastics Artistic,GA0801B,GA0801,CAT,B,CAT B,Final,NO,M,"M Floor Exercise, Pommel Horse, Rings / W Vault, Uneven Bars",Coomera Indoor Sports Centre, $75.00 
Gymnastics Artistic,Gym Artistic 08/04 14:30 ,Gym Artistic 08/04 14:30 CAT C,8 Apr 18,14:30,18:00,Gymnastics Artistic,GA0801C,GA0801,CAT,C,CAT C,Final,NO,M,"M Floor Exercise, Pommel Horse, Rings / W Vault, Uneven Bars",Coomera Indoor Sports Centre, $50.00 
Gymnastics Artistic,Gym Artistic 09/04 14:30 ,Gym Artistic 09/04 14:30 CAT A,9 Apr 18,14:30,18:00,Gymnastics Artistic,GA0901A,GA0901,CAT,A,CAT A,Final,NO,W,"M Vault, Parallel Bars, Horizontal Bar / W Balance Beam, Floor Exercise",Coomera Indoor Sports Centre, $112.50 
Gymnastics Artistic,Gym Artistic 09/04 14:30 ,Gym Artistic 09/04 14:30 CAT B,9 Apr 18,14:30,18:00,Gymnastics Artistic,GA0901B,GA0901,CAT,B,CAT B,Final,NO,W,"M Vault, Parallel Bars, Horizontal Bar / W Balance Beam, Floor Exercise",Coomera Indoor Sports Centre, $75.00 
Gymnastics Artistic,Gym Artistic 09/04 14:30 ,Gym Artistic 09/04 14:30 CAT C,9 Apr 18,14:30,18:00,Gymnastics Artistic,GA0901C,GA0901,CAT,C,CAT C,Final,NO,W,"M Vault, Parallel Bars, Horizontal Bar / W Balance Beam, Floor Exercise",Coomera Indoor Sports Centre, $50.00 
Gymnastics Rhythmic,Gym Rhythmic 11/04 11:00 ,Gym Rhythmic 11/04 11:00 CAT A,11 Apr 18,11:00,14:00,Gymnastics Rhythmic,GR1101A,GR1101,CAT,A,CAT A,Prelim,NO,W,Team Final and Individual Qualification,Coomera Indoor Sports Centre, $50.00 
Gymnastics Rhythmic,Gym Rhythmic 11/04 11:00 ,Gym Rhythmic 11/04 11:00 CAT B,11 Apr 18,11:00,14:00,Gymnastics Rhythmic,GR1101B,GR1101,CAT,B,CAT B,Prelim,NO,W,Team Final and Individual Qualification,Coomera Indoor Sports Centre, $25.00 
Gymnastics Rhythmic,Gym Rhythmic 11/04 17:00 ,Gym Rhythmic 11/04 17:00 CAT A,11 Apr 18,17:00,20:15,Gymnastics Rhythmic,GR1102A,GR1102,CAT,A,CAT A,Final,NO,W,Team Final and Individual Qualification,Coomera Indoor Sports Centre, $75.00 
Gymnastics Rhythmic,Gym Rhythmic 11/04 17:00 ,Gym Rhythmic 11/04 17:00 CAT B,11 Apr 18,17:00,20:15,Gymnastics Rhythmic,GR1102B,GR1102,CAT,B,CAT B,Final,NO,W,Team Final and Individual Qualification,Coomera Indoor Sports Centre, $50.00 
Gymnastics Rhythmic,Gym Rhythmic 12/04 14:45 ,Gym Rhythmic 12/04 14:45 CAT A,12 Apr 18,14:45,18:00,Gymnastics Rhythmic,GR1201A,GR1201,CAT,A,CAT A,Final,NO,W,Individual All-Around,Coomera Indoor Sports Centre, $75.00 
Gymnastics Rhythmic,Gym Rhythmic 12/04 14:45 ,Gym Rhythmic 12/04 14:45 CAT B,12 Apr 18,14:45,18:00,Gymnastics Rhythmic,GR1201B,GR1201,CAT,B,CAT B,Final,NO,W,Individual All-Around,Coomera Indoor Sports Centre, $50.00 
Gymnastics Rhythmic,Gym Rhythmic 13/04 10:00 ,Gym Rhythmic 13/04 10:00 CAT A,13 Apr 18,10:00,12:15,Gymnastics Rhythmic,GR1301A,GR1301,CAT,A,CAT A,Final,NO,W,"Hoop, Ball, Clubs, Ribbon",Coomera Indoor Sports Centre, $75.00 
Gymnastics Rhythmic,Gym Rhythmic 13/04 10:00 ,Gym Rhythmic 13/04 10:00 CAT B,13 Apr 18,10:00,12:15,Gymnastics Rhythmic,GR1301B,GR1301,CAT,B,CAT B,Final,NO,W,"Hoop, Ball, Clubs, Ribbon",Coomera Indoor Sports Centre, $50.00 
