Hotel,Room Type,Item Code,Check In Date,Check Out Date,Stock,Pax,Nights,Daily Rate,Total Price,,
Artique Resort,1 Bedroom,4SIL_ART_1BS_3N1P,04/04/2018,07/04/2018,2,1,3," $1,000.47 "," $3,001.42 ",,
Artique Resort,1 Bedroom,4SIL_ART_1BS_4N1P,04/04/2018,08/04/2018,2,1,4, $821.94 ," $3,287.76 ",,
Artique Resort,1 Bedroom,4SIL_ART_1BS_8N1P,04/04/2018,12/04/2018,2,1,8, $644.63 ," $5,157.00 ", ,
Artique Resort,1 Bedroom,4SIL_ART_1BS_9N1P,04/04/2018,13/04/2018,2,1,9, $584.98 ," $5,264.85 ",,
Artique Resort,1 Bedroom,4SIL_ART_1BS_12N1P,04/04/2018,16/04/2018,2,1,12, $512.43 ," $6,149.14 ",,
Artique Resort,1 Bedroom,4SIL_ART_1BS_3N2P,04/04/2018,07/04/2018,2,2,3," $1,187.52 "," $3,562.55 ",,
Artique Resort,1 Bedroom,4SIL_ART_1BS_4N2P,04/04/2018,08/04/2018,2,2,4, $965.35 ," $3,861.40 ",,
Artique Resort,1 Bedroom,4SIL_ART_1BS_8N2P,04/04/2018,12/04/2018,2,2,8, $726.54 ," $5,812.31 ",,
Artique Resort,1 Bedroom,4SIL_ART_1BS_9N2P,04/04/2018,13/04/2018,2,2,9, $658.32 ," $5,924.86 ",,
Artique Resort,1 Bedroom,4SIL_ART_1BS_12N2P,04/04/2018,16/04/2018,2,2,12, $570.65 ," $6,847.79 ",," $12,092.29 "
Artique Resort,1 Bedroom,13SIL_ART_1BS_3N1P,13/04/2018,16/04/2018,2,1,3," $1,000.47 "," $3,001.42 ",,
Artique Resort,1 Bedroom,13SIL_ART_1BS_3N2P,13/04/2018,16/04/2018,2,2,3," $1,187.52 "," $3,562.55 ",,
Artique Resort,1 Bedroom,8SIL_ART_1BS_4N1P,08/04/2018,12/04/2018,2,1,4, $821.94 ," $3,287.76 ",,
Artique Resort,1 Bedroom,8SIL_ART_1BS_4N2P,08/04/2018,12/04/2018,2,2,4, $965.35 ," $3,861.40 ",,
Artique Resort,1 Bedroom,12SIL_ART_1BS_4N1P,12/04/2018,16/04/2018,2,1,4, $821.94 ," $3,287.76 ",,
Artique Resort,1 Bedroom,12SIL_ART_1BS_4N2P,12/04/2018,16/04/2018,2,2,4, $965.35 ," $3,861.40 ",,
Artique Resort,1 Bedroom,8SIL_ART_1BS_8N1P,08/04/2018,16/04/2018,2,1,8, $644.63 ," $5,157.00 ",,
Artique Resort,1 Bedroom,8SIL_ART_1BS_8N2P,08/04/2018,16/04/2018,2,2,8, $726.54 ," $5,812.31 ",,
Artique Resort,1 Bedroom,7SIL_ART_1BS_9N1P,07/04/2018,16/04/2018,2,1,9, $584.98 ," $5,264.85 ",,
Artique Resort,1 Bedroom,7SIL_ART_1BS_9N2P,07/04/2018,16/04/2018,2,2,9, $658.32 ," $5,924.86 ",,
Artique Resort,1 Bedroom Ocean View,4SIL_ART_1BO_3N1P,04/04/2018,07/04/2018,2,1,3," $1,076.69 "," $3,230.08 ",,
Artique Resort,1 Bedroom Ocean View,4SIL_ART_1BO_4N1P,04/04/2018,08/04/2018,2,1,4, $885.80 ," $3,543.20 ",,
Artique Resort,1 Bedroom Ocean View,4SIL_ART_1BO_8N1P,04/04/2018,12/04/2018,2,1,8, $697.31 ," $5,578.48 ",,
Artique Resort,1 Bedroom Ocean View,4SIL_ART_1BO_9N1P,04/04/2018,13/04/2018,2,1,9, $632.88 ," $5,695.90 ",,
Artique Resort,1 Bedroom Ocean View,4SIL_ART_1BO_12N1P,04/04/2018,16/04/2018,2,1,12, $554.90 ," $6,658.74 ",,
Artique Resort,1 Bedroom Ocean View,4SIL_ART_1BO_3N2P,04/04/2018,07/04/2018,2,2,3," $1,267.07 "," $3,801.20 ",,
Artique Resort,1 Bedroom Ocean View,4SIL_ART_1BO_4N2P,04/04/2018,08/04/2018,2,2,4," $1,032.00 "," $4,128.00 ",,
Artique Resort,1 Bedroom Ocean View,4SIL_ART_1BO_8N2P,04/04/2018,12/04/2018,2,2,8, $781.53 ," $6,252.20 ",,
Artique Resort,1 Bedroom Ocean View,4SIL_ART_1BO_9N2P,04/04/2018,13/04/2018,2,2,9, $708.31 ," $6,374.75 ",,
Artique Resort,1 Bedroom Ocean View,4SIL_ART_1BO_12N2P,04/04/2018,16/04/2018,2,2,12, $614.97 ," $7,379.66 ",,
Artique Resort,1 Bedroom Ocean View,13SIL_ART_1BO_3N1P,13/04/2018,16/04/2018,2,1,3," $1,076.69 "," $3,230.08 ",,
Artique Resort,1 Bedroom Ocean View,13SIL_ART_1BO_3N2P,13/04/2018,16/04/2018,2,2,3," $1,267.07 "," $3,801.20 ",,
Artique Resort,1 Bedroom Ocean View,8SIL_ART_1BO_4N1P,08/04/2018,12/04/2018,2,1,4, $885.80 ," $3,543.20 ",,
Artique Resort,1 Bedroom Ocean View,8SIL_ART_1BO_4N2P,08/04/2018,12/04/2018,2,2,4," $1,032.00 "," $4,128.00 ",,
Artique Resort,1 Bedroom Ocean View,12SIL_ART_1BO_4N1P,12/04/2018,16/04/2018,2,1,4, $885.80 ," $3,543.20 ",,
Artique Resort,1 Bedroom Ocean View,12SIL_ART_1BO_4N2P,12/04/2018,16/04/2018,2,2,4," $1,032.00 "," $4,128.00 ",,
Artique Resort,1 Bedroom Ocean View,8SIL_ART_1BO_8N1P,08/04/2018,16/04/2018,2,1,8, $697.31 ," $5,578.48 ",,
Artique Resort,1 Bedroom Ocean View,8SIL_ART_1BO_8N2P,08/04/2018,16/04/2018,2,2,8, $781.53 ," $6,252.20 ",,
Artique Resort,1 Bedroom Ocean View,7SIL_ART_1BO_9N1P,07/04/2018,16/04/2018,2,1,9, $632.88 ," $5,695.90 ",,
Artique Resort,1 Bedroom Ocean View,7SIL_ART_1BO_9N2P,07/04/2018,16/04/2018,2,2,9, $708.31 ," $6,374.75 ",,
Artique Resort,2 Bedroom,4SIL_ART_2BS_3N3P,04/04/2018,07/04/2018,1,3,3," $1,823.20 "," $5,469.60 ",,
Artique Resort,2 Bedroom,4SIL_ART_2BS_4N3P,04/04/2018,08/04/2018,1,3,4," $1,193.25 "," $4,773.00 ",,
Artique Resort,2 Bedroom,4SIL_ART_2BS_8N3P,04/04/2018,12/04/2018,1,3,8, $772.12 ," $6,176.95 ",,
Artique Resort,2 Bedroom,4SIL_ART_2BS_9N3P,04/04/2018,13/04/2018,1,3,9, $700.84 ," $6,307.56 ",,
Artique Resort,2 Bedroom,4SIL_ART_2BS_12N3P,04/04/2018,16/04/2018,1,3,12, $614.88 ," $7,378.59 ",,
Artique Resort,2 Bedroom,4SIL_ART_2BS_3N4P,04/04/2018,07/04/2018,1,4,3," $1,920.80 "," $5,762.40 ",,
Artique Resort,2 Bedroom,4SIL_ART_2BS_4N4P,04/04/2018,08/04/2018,1,4,4," $1,270.50 "," $5,082.00 ",,
Artique Resort,2 Bedroom,4SIL_ART_2BS_8N4P,04/04/2018,12/04/2018,1,4,8, $911.66 ," $7,293.30 ",,
Artique Resort,2 Bedroom,4SIL_ART_2BS_9N4P,04/04/2018,13/04/2018,1,4,9, $824.54 ," $7,420.88 ",,
Artique Resort,2 Bedroom,4SIL_ART_2BS_12N4P,04/04/2018,16/04/2018,1,4,12, $705.58 ," $8,466.99 ",,
Artique Resort,2 Bedroom,13SIL_ART_2BS_3N3P,13/04/2018,16/04/2018,1,3,3," $1,823.20 "," $5,469.60 ",,
Artique Resort,2 Bedroom,13SIL_ART_2BS_3N4P,13/04/2018,16/04/2018,1,4,3," $1,920.80 "," $5,762.40 ",,
Artique Resort,2 Bedroom,8SIL_ART_2BS_4N3P,08/04/2018,12/04/2018,1,3,4," $1,193.25 "," $4,773.00 ",,
Artique Resort,2 Bedroom,8SIL_ART_2BS_4N4P,08/04/2018,12/04/2018,1,4,4," $1,270.50 "," $5,082.00 ",,
Artique Resort,2 Bedroom,12SIL_ART_2BS_4N3P,12/04/2018,16/04/2018,1,3,4," $1,193.25 "," $4,773.00 ",,
Artique Resort,2 Bedroom,12SIL_ART_2BS_4N4P,12/04/2018,16/04/2018,1,4,4," $1,270.50 "," $5,082.00 ",,
Artique Resort,2 Bedroom,8SIL_ART_2BS_8N3P,08/04/2018,16/04/2018,1,3,8, $772.12 ," $6,176.95 ",,
Artique Resort,2 Bedroom,8SIL_ART_2BS_8N4P,08/04/2018,16/04/2018,1,4,8, $911.66 ," $7,293.30 ",,
Artique Resort,2 Bedroom,7SIL_ART_2BS_9N3P,07/04/2018,16/04/2018,1,3,9, $700.84 ," $6,307.56 ",,
Artique Resort,2 Bedroom,7SIL_ART_2BS_9N4P,07/04/2018,16/04/2018,1,4,9, $824.54 ," $7,420.88 ",,
Artique Resort,2 Bedroom Ocean View,4SIL_ART_2BO_3N3P,04/04/2018,07/04/2018,2,3,3," $2,012.40 "," $6,037.20 ",,
Artique Resort,2 Bedroom Ocean View,4SIL_ART_2BO_4N3P,04/04/2018,08/04/2018,2,3,4," $1,311.50 "," $5,246.00 ",,
Artique Resort,2 Bedroom Ocean View,4SIL_ART_2BO_8N3P,04/04/2018,12/04/2018,2,3,8, $869.68 ," $6,957.40 ",,
Artique Resort,2 Bedroom Ocean View,4SIL_ART_2BO_9N3P,04/04/2018,13/04/2018,2,3,9, $789.53 ," $7,105.75 ",,
Artique Resort,2 Bedroom Ocean View,4SIL_ART_2BO_12N3P,04/04/2018,16/04/2018,2,3,12, $693.52 ," $8,322.22 ",,
Artique Resort,2 Bedroom Ocean View,4SIL_ART_2BO_3N4P,04/04/2018,07/04/2018,2,4,3," $2,105.60 "," $6,316.80 ",,
Artique Resort,2 Bedroom Ocean View,4SIL_ART_2BO_4N4P,04/04/2018,08/04/2018,2,4,4," $1,386.00 "," $5,544.00 ",,
Artique Resort,2 Bedroom Ocean View,4SIL_ART_2BO_8N4P,04/04/2018,12/04/2018,2,4,8," $1,006.95 "," $8,055.60 ",,
Artique Resort,2 Bedroom Ocean View,4SIL_ART_2BO_9N4P,04/04/2018,13/04/2018,2,4,9, $911.17 ," $8,200.50 ",,
Artique Resort,2 Bedroom Ocean View,4SIL_ART_2BO_12N4P,04/04/2018,16/04/2018,2,4,12, $782.39 ," $9,388.68 ",,
Artique Resort,2 Bedroom Ocean View,13SIL_ART_2BO_3N3P,13/04/2018,16/04/2018,2,3,3," $2,012.40 "," $6,037.20 ",,
Artique Resort,2 Bedroom Ocean View,13SIL_ART_2BO_3N4P,13/04/2018,16/04/2018,2,4,3," $2,105.60 "," $6,316.80 ",,
Artique Resort,2 Bedroom Ocean View,8SIL_ART_2BO_4N3P,08/04/2018,12/04/2018,2,3,4," $1,311.50 "," $5,246.00 ",,
Artique Resort,2 Bedroom Ocean View,8SIL_ART_2BO_4N4P,08/04/2018,12/04/2018,2,4,4," $1,386.00 "," $5,544.00 ",,
Artique Resort,2 Bedroom Ocean View,12SIL_ART_2BO_4N3P,12/04/2018,16/04/2018,2,3,4," $1,311.50 "," $5,246.00 ",,
Artique Resort,2 Bedroom Ocean View,12SIL_ART_2BO_4N4P,12/04/2018,16/04/2018,2,4,4," $1,386.00 "," $5,544.00 ",,
Artique Resort,2 Bedroom Ocean View,8SIL_ART_2BO_8N3P,08/04/2018,16/04/2018,2,3,8, $869.68 ," $6,957.40 ",,
Artique Resort,2 Bedroom Ocean View,8SIL_ART_2BO_8N4P,08/04/2018,16/04/2018,2,4,8," $1,006.95 "," $8,055.60 ",,
Artique Resort,2 Bedroom Ocean View,7SIL_ART_2BO_9N3P,07/04/2018,16/04/2018,2,3,9, $789.53 ," $7,105.75 ",,
Artique Resort,2 Bedroom Ocean View,7SIL_ART_2BO_9N4P,07/04/2018,16/04/2018,2,4,9, $911.17 ," $8,200.50 ",,
Baronnet Apartments,1 Bedroom Ocean View,4SIL_BAR_1BO_3N1P,04/04/2018,07/04/2018,5,1,3," $1,014.89 "," $3,044.68 ",,
Baronnet Apartments,1 Bedroom Ocean View,4SIL_BAR_1BO_4N1P,04/04/2018,08/04/2018,5,1,4, $834.30 ," $3,337.20 ",,
Baronnet Apartments,1 Bedroom Ocean View,4SIL_BAR_1BO_8N1P,04/04/2018,12/04/2018,5,1,8, $655.08 ," $5,240.64 ",,
Baronnet Apartments,1 Bedroom Ocean View,4SIL_BAR_1BO_9N1P,04/04/2018,13/04/2018,5,1,9, $594.77 ," $5,352.91 ",,
Baronnet Apartments,1 Bedroom Ocean View,4SIL_BAR_1BO_12N1P,04/04/2018,16/04/2018,5,1,12, $520.49 ," $6,245.92 ",,
Baronnet Apartments,1 Bedroom Ocean View,1SIL_BAR_1BO_15N1P,01/04/2018,16/04/2018,5,1,15, $487.88 ," $7,318.15 ",,
Baronnet Apartments,1 Bedroom Ocean View,4SIL_BAR_1BO_3N2P,04/04/2018,07/04/2018,5,2,3," $1,202.57 "," $3,607.70 ",,
Baronnet Apartments,1 Bedroom Ocean View,4SIL_BAR_1BO_4N2P,04/04/2018,08/04/2018,5,2,4, $978.25 ," $3,913.00 ",,
Baronnet Apartments,1 Bedroom Ocean View,4SIL_BAR_1BO_8N2P,04/04/2018,12/04/2018,5,2,8, $737.45 ," $5,899.60 ",,
Baronnet Apartments,1 Bedroom Ocean View,4SIL_BAR_1BO_9N2P,04/04/2018,13/04/2018,5,2,9, $668.53 ," $6,016.78 ",,
Baronnet Apartments,1 Bedroom Ocean View,4SIL_BAR_1BO_12N2P,04/04/2018,16/04/2018,5,2,12, $579.07 ," $6,948.80 ",,
Baronnet Apartments,1 Bedroom Ocean View,1SIL_BAR_1BO_15N2P,01/04/2018,16/04/2018,5,2,15, $537.86 ," $8,067.88 ",,
Baronnet Apartments,1 Bedroom Ocean View,13SIL_BAR_1BO_3N1P,13/04/2018,16/04/2018,5,1,3," $1,014.89 "," $3,044.68 ",,
Baronnet Apartments,1 Bedroom Ocean View,13SIL_BAR_1BO_3N2P,13/04/2018,16/04/2018,5,2,3," $1,202.57 "," $3,607.70 ",,
Baronnet Apartments,1 Bedroom Ocean View,8SIL_BAR_1BO_4N1P,08/04/2018,12/04/2018,5,1,4, $834.30 ," $3,337.20 ",,
Baronnet Apartments,1 Bedroom Ocean View,8SIL_BAR_1BO_4N2P,08/04/2018,12/04/2018,5,2,4, $978.25 ," $3,913.00 ",,
Baronnet Apartments,1 Bedroom Ocean View,12SIL_BAR_1BO_4N1P,12/04/2018,16/04/2018,5,1,4, $834.30 ," $3,337.20 ",,
Baronnet Apartments,1 Bedroom Ocean View,12SIL_BAR_1BO_4N2P,12/04/2018,16/04/2018,5,2,4, $978.25 ," $3,913.00 ",,
Baronnet Apartments,1 Bedroom Ocean View,8SIL_BAR_1BO_8N1P,08/04/2018,16/04/2018,5,1,8, $655.08 ," $5,240.64 ",,
Baronnet Apartments,1 Bedroom Ocean View,8SIL_BAR_1BO_8N2P,08/04/2018,16/04/2018,5,2,8, $737.45 ," $5,899.60 ",,
Baronnet Apartments,1 Bedroom Ocean View,7SIL_BAR_1BO_9N1P,07/04/2018,16/04/2018,5,1,9, $594.77 ," $5,352.91 ",,
Baronnet Apartments,1 Bedroom Ocean View,7SIL_BAR_1BO_9N2P,07/04/2018,16/04/2018,5,2,9, $668.53 ," $6,016.78 ",,
Baronnet Apartments,1 Bedroom Ocean View,1SIL_BAR_1BO_3N1P,01/04/2018,04/04/2018,5,1,3," $1,014.89 "," $3,044.68 ",,
Baronnet Apartments,1 Bedroom Ocean View,1SIL_BAR_1BO_3N2P,01/04/2018,04/04/2018,5,2,3," $1,202.57 "," $3,607.70 ",,
Baronnet Apartments,1 Bedroom Superior Ocean View,4SIL_BAR_1BX_3N1P,04/04/2018,07/04/2018,7,1,3," $1,014.89 "," $3,044.68 ",,
Baronnet Apartments,1 Bedroom Superior Ocean View,4SIL_BAR_1BX_4N1P,04/04/2018,08/04/2018,7,1,4, $834.30 ," $3,337.20 ",,
Baronnet Apartments,1 Bedroom Superior Ocean View,4SIL_BAR_1BX_8N1P,04/04/2018,12/04/2018,7,1,8, $655.08 ," $5,240.64 ",,
Baronnet Apartments,1 Bedroom Superior Ocean View,4SIL_BAR_1BX_9N1P,04/04/2018,13/04/2018,7,1,9, $594.77 ," $5,352.91 ",,
Baronnet Apartments,1 Bedroom Superior Ocean View,4SIL_BAR_1BX_12N1P,04/04/2018,16/04/2018,7,1,12, $520.49 ," $6,245.92 ",,
Baronnet Apartments,1 Bedroom Superior Ocean View,1SIL_BAR_1BX_15N1P,01/04/2018,16/04/2018,7,1,15, $487.88 ," $7,318.15 ",,
Baronnet Apartments,1 Bedroom Superior Ocean View,4SIL_BAR_1BX_3N2P,04/04/2018,07/04/2018,7,2,3," $1,202.57 "," $3,607.70 ",,
Baronnet Apartments,1 Bedroom Superior Ocean View,4SIL_BAR_1BX_4N2P,04/04/2018,08/04/2018,7,2,4, $978.25 ," $3,913.00 ",,
Baronnet Apartments,1 Bedroom Superior Ocean View,4SIL_BAR_1BX_8N2P,04/04/2018,12/04/2018,7,2,8, $737.45 ," $5,899.60 ",,
Baronnet Apartments,1 Bedroom Superior Ocean View,4SIL_BAR_1BX_9N2P,04/04/2018,13/04/2018,7,2,9, $668.53 ," $6,016.78 ",,
Baronnet Apartments,1 Bedroom Superior Ocean View,4SIL_BAR_1BX_12N2P,04/04/2018,16/04/2018,7,2,12, $579.07 ," $6,948.80 ",,
Baronnet Apartments,1 Bedroom Superior Ocean View,1SIL_BAR_1BX_15N2P,01/04/2018,16/04/2018,7,2,15, $537.86 ," $8,067.88 ",,
Baronnet Apartments,1 Bedroom Superior Ocean View,13SIL_BAR_1BX_3N1P,13/04/2018,16/04/2018,7,1,3," $1,014.89 "," $3,044.68 ",,
Baronnet Apartments,1 Bedroom Superior Ocean View,13SIL_BAR_1BX_3N2P,13/04/2018,16/04/2018,7,2,3," $1,202.57 "," $3,607.70 ",,
Baronnet Apartments,1 Bedroom Superior Ocean View,8SIL_BAR_1BX_4N1P,08/04/2018,12/04/2018,7,1,4, $834.30 ," $3,337.20 ",,
Baronnet Apartments,1 Bedroom Superior Ocean View,8SIL_BAR_1BX_4N2P,08/04/2018,12/04/2018,7,2,4, $978.25 ," $3,913.00 ",,
Baronnet Apartments,1 Bedroom Superior Ocean View,12SIL_BAR_1BX_4N1P,12/04/2018,16/04/2018,7,1,4, $834.30 ," $3,337.20 ",,
Baronnet Apartments,1 Bedroom Superior Ocean View,12SIL_BAR_1BX_4N2P,12/04/2018,16/04/2018,7,2,4, $978.25 ," $3,913.00 ",,
Baronnet Apartments,1 Bedroom Superior Ocean View,8SIL_BAR_1BX_8N1P,08/04/2018,16/04/2018,7,1,8, $655.08 ," $5,240.64 ",,
Baronnet Apartments,1 Bedroom Superior Ocean View,8SIL_BAR_1BX_8N2P,08/04/2018,16/04/2018,7,2,8, $737.45 ," $5,899.60 ",,
Baronnet Apartments,1 Bedroom Superior Ocean View,7SIL_BAR_1BX_9N1P,07/04/2018,16/04/2018,7,1,9, $594.77 ," $5,352.91 ",,
Baronnet Apartments,1 Bedroom Superior Ocean View,7SIL_BAR_1BX_9N2P,07/04/2018,16/04/2018,7,2,9, $668.53 ," $6,016.78 ",,
Baronnet Apartments,1 Bedroom Superior Ocean View,1SIL_BAR_1BX_3N1P,01/04/2018,04/04/2018,7,1,3," $1,014.89 "," $3,044.68 ",,
Baronnet Apartments,1 Bedroom Superior Ocean View,1SIL_BAR_1BX_3N2P,01/04/2018,04/04/2018,7,2,3," $1,202.57 "," $3,607.70 ",,
Montego Sands Resort,1 Bed Standard,4SIL_MSR_1BS_4N1P,04/04/2018,08/04/2018,4,1,4, $695.25 ," $2,781.00 ",,
Montego Sands Resort,1 Bed Standard,4SIL_MSR_1BS_8N1P,04/04/2018,12/04/2018,4,1,8, $548.99 ," $4,391.92 ",,
Montego Sands Resort,1 Bed Standard,4SIL_MSR_1BS_9N1P,04/04/2018,13/04/2018,4,1,9, $519.58 ," $4,676.20 ",,
Montego Sands Resort,1 Bed Standard,31SIL_MSR_1BS_12N1P,31/03/2018,12/04/2018,4,1,12, $460.75 ," $5,529.04 ",,
Montego Sands Resort,1 Bed Standard,1SIL_MSR_1BS_15N1P,01/04/2018,16/04/2018,4,1,15, $406.51 ," $6,097.60 ",,
Montego Sands Resort,1 Bed Standard,4SIL_MSR_1BS_4N2P,04/04/2018,08/04/2018,4,2,4, $833.13 ," $3,332.50 ",,
Montego Sands Resort,1 Bed Standard,4SIL_MSR_1BS_8N2P,04/04/2018,12/04/2018,4,2,8, $626.73 ," $5,013.80 ",,
Montego Sands Resort,1 Bed Standard,4SIL_MSR_1BS_9N2P,04/04/2018,13/04/2018,4,2,9, $590.06 ," $5,310.50 ",,
Montego Sands Resort,1 Bed Standard,31SIL_MSR_1BS_12N2P,31/03/2018,12/04/2018,4,2,12, $516.72 ," $6,200.60 ",,
Montego Sands Resort,1 Bed Standard,1SIL_MSR_1BS_15N2P,01/04/2018,16/04/2018,4,2,15, $452.93 ," $6,794.00 ",,
Montego Sands Resort,1 Bed Standard,8SIL_MSR_1BS_4N1P,08/04/2018,12/04/2018,4,1,4, $695.25 ," $2,781.00 ",,
Montego Sands Resort,1 Bed Standard,8SIL_MSR_1BS_4N2P,08/04/2018,12/04/2018,4,2,4, $833.13 ," $3,332.50 ",,
Montego Sands Resort,1 Bed Standard,12SIL_MSR_1BS_4N1P,12/04/2018,16/04/2018,4,1,4, $695.25 ," $2,781.00 ",,
Montego Sands Resort,1 Bed Standard,12SIL_MSR_1BS_4N2P,12/04/2018,16/04/2018,4,2,4, $833.13 ," $3,332.50 ",,
Montego Sands Resort,1 Bed Standard,8SIL_MSR_1BS_8N1P,08/04/2018,16/04/2018,4,1,8, $548.99 ," $4,391.92 ",,
Montego Sands Resort,1 Bed Standard,8SIL_MSR_1BS_8N2P,08/04/2018,16/04/2018,4,2,8, $626.73 ," $5,013.80 ",,
Montego Sands Resort,1 Bed Standard,31SIL_MSR_1BS_4N1P,31/03/2018,04/04/2018,4,1,4, $695.25 ," $2,781.00 ",,
Montego Sands Resort,1 Bed Standard,31SIL_MSR_1BS_4N2P,31/03/2018,04/04/2018,4,2,4, $833.13 ," $3,332.50 ",,
Montego Sands Resort,1 Bed Standard,31SIL_MSR_1BS_8N1P,31/03/2018,08/04/2018,4,1,8, $548.99 ," $4,391.92 ",,
Montego Sands Resort,1 Bed Standard,31SIL_MSR_1BS_8N2P,31/03/2018,08/04/2018,4,2,8, $626.73 ," $5,013.80 ",,
Montego Sands Resort,1 Bed Standard,7SIL_MSR_1BS_9N1P,07/04/2018,16/04/2018,4,1,9, $519.58 ," $4,676.20 ",,
Montego Sands Resort,1 Bed Standard,7SIL_MSR_1BS_9N2P,07/04/2018,16/04/2018,4,2,9, $590.06 ," $5,310.50 ",,
Montego Sands Resort,1 Bed Standard,4SIL_MSR_1BS_12N1P,04/04/2018,16/04/2018,4,1,12, $460.75 ," $5,529.04 ",,
Montego Sands Resort,1 Bed Standard,4SIL_MSR_1BS_12N2P,04/04/2018,16/04/2018,4,2,12, $516.72 ," $6,200.60 ",,
Montego Sands Resort,2 Bed Standard,4SIL_MSR_2BS_4N3P,04/04/2018,08/04/2018,2,3,4," $1,032.00 "," $4,128.00 ",,
Montego Sands Resort,2 Bed Standard,4SIL_MSR_2BS_8N3P,04/04/2018,12/04/2018,2,3,8, $639.09 ," $5,112.70 ",,
Montego Sands Resort,2 Bed Standard,4SIL_MSR_2BS_9N3P,04/04/2018,13/04/2018,2,3,9, $579.90 ," $5,219.13 ",,
Montego Sands Resort,2 Bed Standard,31SIL_MSR_2BS_12N3P,31/03/2018,12/04/2018,2,3,12, $567.96 ," $6,815.50 ",,
Montego Sands Resort,2 Bed Standard,1SIL_MSR_2BS_15N3P,01/04/2018,16/04/2018,2,3,15, $500.48 ," $7,507.26 ",,
Montego Sands Resort,2 Bed Standard,4SIL_MSR_2BS_4N4P,04/04/2018,08/04/2018,2,4,4," $1,113.00 "," $4,452.00 ",,
Montego Sands Resort,2 Bed Standard,4SIL_MSR_2BS_8N4P,04/04/2018,12/04/2018,2,4,8, $781.73 ," $6,253.80 ",,
Montego Sands Resort,2 Bed Standard,4SIL_MSR_2BS_9N4P,04/04/2018,13/04/2018,2,4,9, $706.42 ," $6,357.75 ",,
Montego Sands Resort,2 Bed Standard,31SIL_MSR_2BS_12N4P,31/03/2018,12/04/2018,2,4,12, $659.75 ," $7,917.00 ",,
Montego Sands Resort,2 Bed Standard,1SIL_MSR_2BS_15N4P,01/04/2018,16/04/2018,2,4,15, $572.85 ," $8,592.68 ",,
Montego Sands Resort,2 Bed Standard,8SIL_MSR_2BS_4N3P,08/04/2018,12/04/2018,2,3,4," $1,032.00 "," $4,128.00 ",,
Montego Sands Resort,2 Bed Standard,8SIL_MSR_2BS_4N4P,08/04/2018,12/04/2018,2,4,4," $1,113.00 "," $4,452.00 ",,
Montego Sands Resort,2 Bed Standard,12SIL_MSR_2BS_4N3P,12/04/2018,16/04/2018,2,3,4," $1,032.00 "," $4,128.00 ",,
Montego Sands Resort,2 Bed Standard,12SIL_MSR_2BS_4N4P,12/04/2018,16/04/2018,2,4,4," $1,113.00 "," $4,452.00 ",,
Montego Sands Resort,2 Bed Standard,8SIL_MSR_2BS_8N3P,08/04/2018,16/04/2018,2,3,8, $639.09 ," $5,112.70 ",,
Montego Sands Resort,2 Bed Standard,8SIL_MSR_2BS_8N4P,08/04/2018,16/04/2018,2,4,8, $781.73 ," $6,253.80 ",,
Montego Sands Resort,2 Bed Standard,31SIL_MSR_2BS_4N3P,31/03/2018,04/04/2018,2,3,4," $1,032.00 "," $4,128.00 ",,
Montego Sands Resort,2 Bed Standard,31SIL_MSR_2BS_4N4P,31/03/2018,04/04/2018,2,4,4," $1,113.00 "," $4,452.00 ",,
Montego Sands Resort,2 Bed Standard,31SIL_MSR_2BS_8N3P,31/03/2018,08/04/2018,2,3,8, $639.09 ," $5,112.70 ",,
Montego Sands Resort,2 Bed Standard,31SIL_MSR_2BS_8N4P,31/03/2018,08/04/2018,2,4,8, $781.73 ," $6,253.80 ",,
Montego Sands Resort,2 Bed Standard,7SIL_MSR_2BS_9N3P,07/04/2018,16/04/2018,2,3,9, $579.90 ," $5,219.13 ",,
Montego Sands Resort,2 Bed Standard,7SIL_MSR_2BS_9N4P,07/04/2018,16/04/2018,2,4,9, $706.42 ," $6,357.75 ",,
Montego Sands Resort,2 Bed Standard,4SIL_MSR_2BS_12N3P,04/04/2018,16/04/2018,2,3,12, $567.96 ," $6,815.50 ",,
Montego Sands Resort,2 Bed Standard,4SIL_MSR_2BS_12N4P,04/04/2018,16/04/2018,2,4,12, $659.75 ," $7,917.00 ",,
Ocean Pacific Resort,1 Bed Garden,4SIL_OPR_1BG_3N1P,04/04/2018,07/04/2018,1,1,3, $963.39 ," $2,890.18 ",,
Ocean Pacific Resort,1 Bed Garden,4SIL_OPR_1BG_4N1P,04/04/2018,08/04/2018,1,1,4, $791.04 ," $3,164.16 ",,
Ocean Pacific Resort,1 Bed Garden,4SIL_OPR_1BG_8N1P,04/04/2018,12/04/2018,1,1,8, $619.13 ," $4,953.06 ",,
Ocean Pacific Resort,1 Bed Garden,4SIL_OPR_1BG_9N1P,04/04/2018,13/04/2018,1,1,9, $561.81 ," $5,056.27 ",,
Ocean Pacific Resort,1 Bed Garden,4SIL_OPR_1BG_12N1P,04/04/2018,16/04/2018,1,1,12, $491.88 ," $5,902.56 ",,
Ocean Pacific Resort,1 Bed Garden,4SIL_OPR_1BG_3N2P,04/04/2018,07/04/2018,1,2,3," $1,148.82 "," $3,446.45 ",,
Ocean Pacific Resort,1 Bed Garden,4SIL_OPR_1BG_4N2P,04/04/2018,08/04/2018,1,2,4, $933.10 ," $3,732.40 ",,
Ocean Pacific Resort,1 Bed Garden,4SIL_OPR_1BG_8N2P,04/04/2018,12/04/2018,1,2,8, $699.93 ," $5,599.46 ",,
Ocean Pacific Resort,1 Bed Garden,4SIL_OPR_1BG_9N2P,04/04/2018,13/04/2018,1,2,9, $634.13 ," $5,707.18 ",,
Ocean Pacific Resort,1 Bed Garden,4SIL_OPR_1BG_12N2P,04/04/2018,16/04/2018,1,2,12, $549.20 ," $6,590.44 ",,
Ocean Pacific Resort,1 Bed Garden,8SIL_OPR_1BG_4N1P,08/04/2018,12/04/2018,1,1,4, $791.04 ," $3,164.16 ",,
Ocean Pacific Resort,1 Bed Garden,8SIL_OPR_1BG_4N2P,08/04/2018,12/04/2018,1,2,4, $933.10 ," $3,732.40 ",,
Ocean Pacific Resort,1 Bed Garden,12SIL_OPR_1BG_4N1P,12/04/2018,16/04/2018,1,1,4, $791.04 ," $3,164.16 ",,
Ocean Pacific Resort,1 Bed Garden,12SIL_OPR_1BG_4N2P,12/04/2018,16/04/2018,1,2,4, $933.10 ," $3,732.40 ",,
Ocean Pacific Resort,1 Bed Garden,8SIL_OPR_1BG_8N1P,08/04/2018,16/04/2018,1,1,8, $619.13 ," $4,953.06 ",,
Ocean Pacific Resort,1 Bed Garden,8SIL_OPR_1BG_8N2P,08/04/2018,16/04/2018,1,2,8, $699.93 ," $5,599.46 ",,
Ocean Pacific Resort,1 Bed Garden,7SIL_OPR_1BG_9N1P,07/04/2018,16/04/2018,1,1,9, $561.81 ," $5,056.27 ",,
Ocean Pacific Resort,1 Bed Garden,7SIL_OPR_1BG_9N2P,07/04/2018,16/04/2018,1,2,9, $634.13 ," $5,707.18 ",,
Ocean Pacific Resort,1 Bed Superior,4SIL_OPR_1BX_3N1P,04/04/2018,07/04/2018,1,1,3," $1,000.47 "," $3,001.42 ",,
Ocean Pacific Resort,1 Bed Superior,4SIL_OPR_1BX_4N1P,04/04/2018,08/04/2018,1,1,4, $821.94 ," $3,287.76 ",,
Ocean Pacific Resort,1 Bed Superior,4SIL_OPR_1BX_8N1P,04/04/2018,12/04/2018,1,1,8, $644.63 ," $5,157.00 ",,
Ocean Pacific Resort,1 Bed Superior,4SIL_OPR_1BX_9N1P,04/04/2018,13/04/2018,1,1,9, $584.98 ," $5,264.85 ",,
Ocean Pacific Resort,1 Bed Superior,4SIL_OPR_1BX_12N1P,04/04/2018,16/04/2018,1,1,12, $512.43 ," $6,149.14 ",,
Ocean Pacific Resort,1 Bed Superior,4SIL_OPR_1BX_3N2P,04/04/2018,07/04/2018,1,2,3," $1,187.52 "," $3,562.55 ",,
Ocean Pacific Resort,1 Bed Superior,4SIL_OPR_1BX_4N2P,04/04/2018,08/04/2018,1,2,4, $965.35 ," $3,861.40 ",,
Ocean Pacific Resort,1 Bed Superior,4SIL_OPR_1BX_8N2P,04/04/2018,12/04/2018,1,2,8, $726.54 ," $5,812.31 ",,
Ocean Pacific Resort,1 Bed Superior,4SIL_OPR_1BX_9N2P,04/04/2018,13/04/2018,1,2,9, $658.32 ," $5,924.86 ",,
Ocean Pacific Resort,1 Bed Superior,4SIL_OPR_1BX_12N2P,04/04/2018,16/04/2018,1,2,12, $570.65 ," $6,847.79 ",,
Ocean Pacific Resort,1 Bed Superior,8SIL_OPR_1BX_4N1P,08/04/2018,12/04/2018,1,1,4, $821.94 ," $3,287.76 ",,
Ocean Pacific Resort,1 Bed Superior,8SIL_OPR_1BX_4N2P,08/04/2018,12/04/2018,1,2,4, $965.35 ," $3,861.40 ",,
Ocean Pacific Resort,1 Bed Superior,12SIL_OPR_1BX_4N1P,12/04/2018,16/04/2018,1,1,4, $821.94 ," $3,287.76 ",,
Ocean Pacific Resort,1 Bed Superior,12SIL_OPR_1BX_4N2P,12/04/2018,16/04/2018,1,2,4, $965.35 ," $3,861.40 ",,
Ocean Pacific Resort,1 Bed Superior,8SIL_OPR_1BX_8N1P,08/04/2018,16/04/2018,1,1,8, $644.63 ," $5,157.00 ",,
Ocean Pacific Resort,1 Bed Superior,8SIL_OPR_1BX_8N2P,08/04/2018,16/04/2018,1,2,8, $726.54 ," $5,812.31 ",,
Ocean Pacific Resort,1 Bed Superior,7SIL_OPR_1BX_9N1P,07/04/2018,16/04/2018,1,1,9, $584.98 ," $5,264.85 ",,
Ocean Pacific Resort,1 Bed Superior,7SIL_OPR_1BX_9N2P,07/04/2018,16/04/2018,1,2,9, $658.32 ," $5,924.86 ",,
Ocean Pacific Resort,2 Bed / 1 Bath,4SIL_OPR_2BS_3N3P,04/04/2018,07/04/2018,1,3,3," $1,785.93 "," $5,357.80 ",,
Ocean Pacific Resort,2 Bed / 1 Bath,4SIL_OPR_2BS_4N3P,04/04/2018,08/04/2018,1,3,4," $1,169.60 "," $4,678.40 ",,
Ocean Pacific Resort,2 Bed / 1 Bath,4SIL_OPR_2BS_8N3P,04/04/2018,12/04/2018,1,3,8, $752.61 ," $6,020.86 ",,
Ocean Pacific Resort,2 Bed / 1 Bath,4SIL_OPR_2BS_9N3P,04/04/2018,13/04/2018,1,3,9, $683.10 ," $6,147.93 ",,
Ocean Pacific Resort,2 Bed / 1 Bath,4SIL_OPR_2BS_12N3P,04/04/2018,16/04/2018,1,3,12, $599.15 ," $7,189.86 ",,
Ocean Pacific Resort,2 Bed / 1 Bath,4SIL_OPR_2BS_3N4P,04/04/2018,07/04/2018,1,4,3," $1,884.40 "," $5,653.20 ",,
Ocean Pacific Resort,2 Bed / 1 Bath,4SIL_OPR_2BS_4N4P,04/04/2018,08/04/2018,1,4,4," $1,247.40 "," $4,989.60 ",,
Ocean Pacific Resort,2 Bed / 1 Bath,4SIL_OPR_2BS_8N4P,04/04/2018,12/04/2018,1,4,8, $892.61 ," $7,140.84 ",,
Ocean Pacific Resort,2 Bed / 1 Bath,4SIL_OPR_2BS_9N4P,04/04/2018,13/04/2018,1,4,9, $807.22 ," $7,264.95 ",,
Ocean Pacific Resort,2 Bed / 1 Bath,4SIL_OPR_2BS_12N4P,04/04/2018,16/04/2018,1,4,12, $690.22 ," $8,282.65 ",,
Ocean Pacific Resort,2 Bed / 1 Bath,8SIL_OPR_2BS_4N3P,08/04/2018,12/04/2018,1,3,4," $1,169.60 "," $4,678.40 ",,
Ocean Pacific Resort,2 Bed / 1 Bath,8SIL_OPR_2BS_4N4P,08/04/2018,12/04/2018,1,4,4," $1,247.40 "," $4,989.60 ",,
Ocean Pacific Resort,2 Bed / 1 Bath,12SIL_OPR_2BS_4N3P,12/04/2018,16/04/2018,1,3,4," $1,169.60 "," $4,678.40 ",,
Ocean Pacific Resort,2 Bed / 1 Bath,12SIL_OPR_2BS_4N4P,12/04/2018,16/04/2018,1,4,4," $1,247.40 "," $4,989.60 ",,
Ocean Pacific Resort,2 Bed / 1 Bath,8SIL_OPR_2BS_8N3P,08/04/2018,16/04/2018,1,3,8, $752.61 ," $6,020.86 ",,
Ocean Pacific Resort,2 Bed / 1 Bath,8SIL_OPR_2BS_8N4P,08/04/2018,16/04/2018,1,4,8, $892.61 ," $7,140.84 ",,
Ocean Pacific Resort,2 Bed / 1 Bath,7SIL_OPR_2BS_9N3P,07/04/2018,16/04/2018,1,3,9, $683.10 ," $6,147.93 ",,
Ocean Pacific Resort,2 Bed / 1 Bath,7SIL_OPR_2BS_9N4P,07/04/2018,16/04/2018,1,4,9, $807.22 ," $7,264.95 ",,
Ocean Pacific Resort,2 Bed Family,4SIL_OPR_2BF_3N3P,04/04/2018,07/04/2018,1,3,3," $1,823.20 "," $5,469.60 ",,
Ocean Pacific Resort,2 Bed Family,4SIL_OPR_2BF_4N3P,04/04/2018,08/04/2018,1,3,4," $1,193.25 "," $4,773.00 ",,
Ocean Pacific Resort,2 Bed Family,4SIL_OPR_2BF_8N3P,04/04/2018,12/04/2018,1,3,8, $772.12 ," $6,176.95 ",,
Ocean Pacific Resort,2 Bed Family,4SIL_OPR_2BF_9N3P,04/04/2018,13/04/2018,1,3,9, $700.84 ," $6,307.56 ",,
Ocean Pacific Resort,2 Bed Family,4SIL_OPR_2BF_12N3P,04/04/2018,16/04/2018,1,3,12, $614.88 ," $7,378.59 ",,
Ocean Pacific Resort,2 Bed Family,4SIL_OPR_2BF_3N4P,04/04/2018,07/04/2018,1,4,3," $1,920.80 "," $5,762.40 ",,
Ocean Pacific Resort,2 Bed Family,4SIL_OPR_2BF_4N4P,04/04/2018,08/04/2018,1,4,4," $1,270.50 "," $5,082.00 ",,
Ocean Pacific Resort,2 Bed Family,4SIL_OPR_2BF_8N4P,04/04/2018,12/04/2018,1,4,8, $911.66 ," $7,293.30 ",,
Ocean Pacific Resort,2 Bed Family,4SIL_OPR_2BF_9N4P,04/04/2018,13/04/2018,1,4,9, $824.54 ," $7,420.88 ",,
Ocean Pacific Resort,2 Bed Family,4SIL_OPR_2BF_12N4P,04/04/2018,16/04/2018,1,4,12, $705.58 ," $8,466.99 ",,
Ocean Pacific Resort,2 Bed Family,8SIL_OPR_2BF_4N3P,08/04/2018,12/04/2018,1,3,4," $1,193.25 "," $4,773.00 ",,
Ocean Pacific Resort,2 Bed Family,8SIL_OPR_2BF_4N4P,08/04/2018,12/04/2018,1,4,4," $1,270.50 "," $5,082.00 ",,
Ocean Pacific Resort,2 Bed Family,12SIL_OPR_2BF_4N3P,12/04/2018,16/04/2018,1,3,4," $1,193.25 "," $4,773.00 ",,
Ocean Pacific Resort,2 Bed Family,12SIL_OPR_2BF_4N4P,12/04/2018,16/04/2018,1,4,4," $1,270.50 "," $5,082.00 ",,
Ocean Pacific Resort,2 Bed Family,8SIL_OPR_2BF_8N3P,08/04/2018,16/04/2018,1,3,8, $772.12 ," $6,176.95 ",,
Ocean Pacific Resort,2 Bed Family,8SIL_OPR_2BF_8N4P,08/04/2018,16/04/2018,1,4,8, $911.66 ," $7,293.30 ",,
Ocean Pacific Resort,2 Bed Family,7SIL_OPR_2BF_9N3P,07/04/2018,16/04/2018,1,3,9, $700.84 ," $6,307.56 ",,
Ocean Pacific Resort,2 Bed Family,7SIL_OPR_2BF_9N4P,07/04/2018,16/04/2018,1,4,9, $824.54 ," $7,420.88 ",,
Palazzo Versace,Superior,4PLT_PV_GC_4N1P,04/04/2018,08/04/2018,10,1,4," $1,130.94 "," $4,523.76 ",,
Palazzo Versace,Superior,4PLT_PV_GC_8N1P,04/04/2018,12/04/2018,10,1,8, $899.55 ," $7,196.40 ",,
Palazzo Versace,Superior,7PLT_PV_GC_9N1P,07/04/2018,16/04/2018,10,1,9, $816.73 ," $7,350.60 ",,
Palazzo Versace,Superior,4PLT_PV_GC_12N1P,04/04/2018,16/04/2018,10,1,12, $753.89 ," $9,046.70 ",,
Palazzo Versace,Superior,4PLT_PV_GC_4N2P,04/04/2018,08/04/2018,10,2,4," $1,287.85 "," $5,151.40 ",,
Palazzo Versace,Superior,4PLT_PV_GC_8N2P,04/04/2018,12/04/2018,10,2,8, $992.60 ," $7,940.81 ",,
Palazzo Versace,Superior,7PLT_PV_GC_9N2P,07/04/2018,16/04/2018,10,2,9, $900.19 ," $8,101.74 ",,
Palazzo Versace,Superior,4PLT_PV_GC_12N2P,04/04/2018,16/04/2018,10,2,12, $822.66 ," $9,871.94 ",,
Palazzo Versace,Superior,8PLT_PV_GC_4N1P,08/04/2018,12/04/2018,10,1,4," $1,130.94 "," $4,523.76 ",,
Palazzo Versace,Superior,8PLT_PV_GC_4N2P,08/04/2018,12/04/2018,10,2,4," $1,287.85 "," $5,151.40 ",,
Palazzo Versace,Superior,12PLT_PV_GC_4N1P,12/04/2018,16/04/2018,10,1,4," $1,130.94 "," $4,523.76 ",,
Palazzo Versace,Superior,12PLT_PV_GC_4N2P,12/04/2018,16/04/2018,10,2,4," $1,287.85 "," $5,151.40 ",,
Palazzo Versace,Superior,8PLT_PV_GC_8N1P,08/04/2018,16/04/2018,10,1,8, $899.55 ," $7,196.40 ",,
Palazzo Versace,Superior,8PLT_PV_GC_8N2P,08/04/2018,16/04/2018,10,2,8, $992.60 ," $7,940.81 ",,
QT Gold Coast,King / 1 Bed,4GLD_QT_K_3N1PZ,04/04/2018,07/04/2018,6,1,3," $1,124.07 "," $3,372.22 ",,
QT Gold Coast,King / 1 Bed,4GLD_QT_K_4N1P,04/04/2018,08/04/2018,6,1,4, $924.94 ," $3,699.76 ",,
QT Gold Coast,King / 1 Bed,4GLD_QT_K_8N1P,04/04/2018,12/04/2018,6,1,8, $729.60 ," $5,836.80 ",,
QT Gold Coast,King / 1 Bed,4GLD_QT_K_9N1P,04/04/2018,13/04/2018,6,1,9, $662.23 ," $5,960.10 ",,
QT Gold Coast,King / 1 Bed,4GLD_QT_K_12N1P,04/04/2018,16/04/2018,6,1,12, $609.69 ," $7,316.30 ",,
QT Gold Coast,King / 1 Bed,4GLD_QT_K_3N2PZ,04/04/2018,07/04/2018,6,2,3," $1,316.52 "," $3,949.55 ",,
QT Gold Coast,King / 1 Bed,4GLD_QT_K_4N2P,04/04/2018,08/04/2018,6,2,4," $1,072.85 "," $4,291.40 ",,
QT Gold Coast,King / 1 Bed,4GLD_QT_K_8N2P,04/04/2018,12/04/2018,6,2,8, $815.23 ," $6,521.81 ",,
QT Gold Coast,King / 1 Bed,4GLD_QT_K_9N2P,04/04/2018,13/04/2018,6,2,9, $738.94 ," $6,650.49 ",,
QT Gold Coast,King / 1 Bed,4GLD_QT_K_12N2P,04/04/2018,16/04/2018,6,2,12, $672.16 ," $8,065.94 ",,
QT Gold Coast,King / 1 Bed,8GLD_QT_K_4N1P,08/04/2018,12/04/2018,6,1,4, $924.94 ," $3,699.76 ",,
QT Gold Coast,King / 1 Bed,8GLD_QT_K_4N2P,08/04/2018,12/04/2018,6,2,4," $1,072.85 "," $4,291.40 ",,
QT Gold Coast,King / 1 Bed,12GLD_QT_K_4N1P,12/04/2018,16/04/2018,6,1,4, $924.94 ," $3,699.76 ",,
QT Gold Coast,King / 1 Bed,12GLD_QT_K_4N2P,12/04/2018,16/04/2018,6,2,4," $1,072.85 "," $4,291.40 ",,
QT Gold Coast,King / 1 Bed,8GLD_QT_K_8N1P,08/04/2018,16/04/2018,6,1,8, $729.60 ," $5,836.80 ",,
QT Gold Coast,King / 1 Bed,8GLD_QT_K_8N2P,08/04/2018,16/04/2018,6,2,8, $815.23 ," $6,521.81 ",,
QT Gold Coast,King / 1 Bed,7GLD_QT_K_9N1P,07/04/2018,16/04/2018,6,1,9, $662.23 ," $5,960.10 ",,
QT Gold Coast,King / 1 Bed,7GLD_QT_K_9N2P,07/04/2018,16/04/2018,6,2,9, $738.94 ," $6,650.49 ",,
QT Gold Coast,Twin / 2 Beds,4GLD_QT_T_3N1PZ,04/04/2018,07/04/2018,4,1,3," $1,124.07 "," $3,372.22 ",,
QT Gold Coast,Twin / 2 Beds,4GLD_QT_T_4N1P,04/04/2018,08/04/2018,4,1,4, $924.94 ," $3,699.76 ",,
QT Gold Coast,Twin / 2 Beds,4GLD_QT_T_8N1P,04/04/2018,12/04/2018,4,1,8, $729.60 ," $5,836.80 ",,
QT Gold Coast,Twin / 2 Beds,4GLD_QT_T_9N1P,04/04/2018,13/04/2018,4,1,9, $662.23 ," $5,960.10 ",,
QT Gold Coast,Twin / 2 Beds,4GLD_QT_T_12N1P,04/04/2018,16/04/2018,4,1,12, $609.69 ," $7,316.30 ",,
QT Gold Coast,Twin / 2 Beds,4GLD_QT_T_3N2PZ,04/04/2018,07/04/2018,4,2,3," $1,316.52 "," $3,949.55 ",,
QT Gold Coast,Twin / 2 Beds,4GLD_QT_T_4N2P,04/04/2018,08/04/2018,4,2,4," $1,072.85 "," $4,291.40 ",,
QT Gold Coast,Twin / 2 Beds,4GLD_QT_T_8N2P,04/04/2018,12/04/2018,4,2,8, $815.23 ," $6,521.81 ",,
QT Gold Coast,Twin / 2 Beds,4GLD_QT_T_9N2P,04/04/2018,13/04/2018,4,2,9, $738.94 ," $6,650.49 ",,
QT Gold Coast,Twin / 2 Beds,4GLD_QT_T_12N2P,04/04/2018,16/04/2018,4,2,12, $672.16 ," $8,065.94 ",,
QT Gold Coast,Twin / 2 Beds,8GLD_QT_T_4N1P,08/04/2018,12/04/2018,4,1,4, $924.94 ," $3,699.76 ",,
QT Gold Coast,Twin / 2 Beds,8GLD_QT_T_4N2P,08/04/2018,12/04/2018,4,2,4," $1,072.85 "," $4,291.40 ",,
QT Gold Coast,Twin / 2 Beds,12GLD_QT_T_4N1P,12/04/2018,16/04/2018,4,1,4, $924.94 ," $3,699.76 ",,
QT Gold Coast,Twin / 2 Beds,12GLD_QT_T_4N2P,12/04/2018,16/04/2018,4,2,4," $1,072.85 "," $4,291.40 ",,
QT Gold Coast,Twin / 2 Beds,8GLD_QT_T_8N1P,08/04/2018,16/04/2018,4,1,8, $729.60 ," $5,836.80 ",,
QT Gold Coast,Twin / 2 Beds,8GLD_QT_T_8N2P,08/04/2018,16/04/2018,4,2,8, $815.23 ," $6,521.81 ",,
QT Gold Coast,Twin / 2 Beds,7GLD_QT_T_9N1P,07/04/2018,16/04/2018,4,1,9, $662.23 ," $5,960.10 ",,
QT Gold Coast,Twin / 2 Beds,7GLD_QT_T_9N2P,07/04/2018,16/04/2018,4,2,9, $738.94 ," $6,650.49 ",,
Quest Spring Hill,1 Bed Executive,1SIL_QSH_1BE_3N1P,01/04/2018,04/04/2018,6,1,3, $741.94 ," $2,225.83 ",,
Quest Spring Hill,1 Bed Executive,4SIL_QSH_1BE_4N1P,04/04/2018,08/04/2018,6,1,4, $606.41 ," $2,425.65 ",,
Quest Spring Hill,1 Bed Executive,4SIL_QSH_1BE_8N1P,04/04/2018,12/04/2018,6,1,8, $478.31 ," $3,826.45 ",,
Quest Spring Hill,1 Bed Executive,4SIL_QSH_1BE_9N1P,04/04/2018,13/04/2018,6,1,9, $428.81 ," $3,859.28 ",,
Quest Spring Hill,1 Bed Executive,4SIL_QSH_1BE_12N1P,04/04/2018,16/04/2018,6,1,12, $362.65 ," $4,351.75 ",,
Quest Spring Hill,1 Bed Executive,1SIL_QSH_1BE_15N1P,01/04/2018,16/04/2018,6,1,15, $318.57 ," $4,778.56 ",,
Quest Spring Hill,1 Bed Executive,1SIL_QSH_1BE_3N2P,01/04/2018,04/04/2018,6,2,3, $917.69 ," $2,753.08 ",,
Quest Spring Hill,1 Bed Executive,4SIL_QSH_1BE_4N2P,04/04/2018,08/04/2018,6,2,4, $740.41 ," $2,961.63 ",,
Quest Spring Hill,1 Bed Executive,4SIL_QSH_1BE_8N2P,04/04/2018,12/04/2018,6,2,8, $552.95 ," $4,423.63 ",,
Quest Spring Hill,1 Bed Executive,4SIL_QSH_1BE_9N2P,04/04/2018,13/04/2018,6,2,9, $495.32 ," $4,457.89 ",,
Quest Spring Hill,1 Bed Executive,4SIL_QSH_1BE_12N2P,04/04/2018,16/04/2018,6,2,12, $414.32 ," $4,971.88 ",,
Quest Spring Hill,1 Bed Executive,1SIL_QSH_1BE_15N2P,01/04/2018,16/04/2018,6,2,15, $361.16 ," $5,417.33 ",,
Quest Spring Hill,1 Bed Executive,4SIL_QSH_1BE_3N1P,04/04/2018,07/04/2018,6,1,3, $741.94 ," $2,225.83 ",,
Quest Spring Hill,1 Bed Executive,4SIL_QSH_1BE_3N2P,04/04/2018,07/04/2018,6,2,3, $917.69 ," $2,753.08 ",,
Quest Spring Hill,1 Bed Executive,13SIL_QSH_1BE_3N1P,13/04/2018,16/04/2018,6,1,3, $741.94 ," $2,225.83 ",,
Quest Spring Hill,1 Bed Executive,13SIL_QSH_1BE_3N2P,13/04/2018,16/04/2018,6,2,3, $917.69 ," $2,753.08 ",,
Quest Spring Hill,1 Bed Executive,8SIL_QSH_1BE_4N1P,08/04/2018,12/04/2018,6,1,4, $606.41 ," $2,425.65 ",,
Quest Spring Hill,1 Bed Executive,8SIL_QSH_1BE_4N2P,08/04/2018,12/04/2018,6,2,4, $740.41 ," $2,961.63 ",,
Quest Spring Hill,1 Bed Executive,12SIL_QSH_1BE_4N1P,12/04/2018,16/04/2018,6,1,4, $606.41 ," $2,425.65 ",,
Quest Spring Hill,1 Bed Executive,12SIL_QSH_1BE_4N2P,12/04/2018,16/04/2018,6,2,4, $740.41 ," $2,961.63 ",,
Quest Spring Hill,1 Bed Executive,8SIL_QSH_1BE_8N1P,08/04/2018,16/04/2018,6,1,8, $478.31 ," $3,826.45 ",,
Quest Spring Hill,1 Bed Executive,8SIL_QSH_1BE_8N2P,08/04/2018,16/04/2018,6,2,8, $552.95 ," $4,423.63 ",,
Quest Spring Hill,1 Bed Executive,7SIL_QSH_1BE_9N1P,07/04/2018,16/04/2018,6,1,9, $428.81 ," $3,859.28 ",,
Quest Spring Hill,1 Bed Executive,7SIL_QSH_1BE_9N2P,07/04/2018,16/04/2018,6,2,9, $495.32 ," $4,457.89 ",,
Quest Spring Hill,2 Bed 2 Bath Executive,1SIL_QSH_2BE_3N3P,01/04/2018,04/04/2018,6,3,3," $1,629.70 "," $4,889.10 ",,
Quest Spring Hill,2 Bed 2 Bath Executive,4SIL_QSH_2BE_4N3P,04/04/2018,08/04/2018,6,3,4," $1,072.41 "," $4,289.64 ",,
Quest Spring Hill,2 Bed 2 Bath Executive,4SIL_QSH_2BE_8N3P,04/04/2018,12/04/2018,6,3,8, $687.73 ," $5,501.85 ",,
Quest Spring Hill,2 Bed 2 Bath Executive,4SIL_QSH_2BE_9N3P,04/04/2018,13/04/2018,6,3,9, $627.42 ," $5,646.76 ",,
Quest Spring Hill,2 Bed 2 Bath Executive,4SIL_QSH_2BE_12N3P,04/04/2018,16/04/2018,6,3,12, $543.02 ," $6,516.22 ",,
Quest Spring Hill,2 Bed 2 Bath Executive,1SIL_QSH_2BE_15N3P,01/04/2018,16/04/2018,6,3,15, $510.49 ," $7,657.39 ",,
Quest Spring Hill,2 Bed 2 Bath Executive,1SIL_QSH_2BE_3N4P,01/04/2018,04/04/2018,6,4,3," $1,731.80 "," $5,195.40 ",,
Quest Spring Hill,2 Bed 2 Bath Executive,4SIL_QSH_2BE_4N4P,04/04/2018,08/04/2018,6,4,4," $1,152.47 "," $4,609.88 ",,
Quest Spring Hill,2 Bed 2 Bath Executive,4SIL_QSH_2BE_8N4P,04/04/2018,12/04/2018,6,4,8, $829.24 ," $6,633.90 ",,
Quest Spring Hill,2 Bed 2 Bath Executive,4SIL_QSH_2BE_9N4P,04/04/2018,13/04/2018,6,4,9, $752.83 ," $6,775.44 ",,
Quest Spring Hill,2 Bed 2 Bath Executive,4SIL_QSH_2BE_12N4P,04/04/2018,16/04/2018,6,4,12, $635.39 ," $7,624.68 ",,
Quest Spring Hill,2 Bed 2 Bath Executive,1SIL_QSH_2BE_15N4P,01/04/2018,16/04/2018,6,4,15, $582.62 ," $8,739.31 ",,
Quest Spring Hill,2 Bed 2 Bath Executive,4SIL_QSH_2BE_3N3P,04/04/2018,07/04/2018,6,3,3," $1,629.70 "," $4,889.10 ",,
Quest Spring Hill,2 Bed 2 Bath Executive,4SIL_QSH_2BE_3N4P,04/04/2018,07/04/2018,6,4,3," $1,731.80 "," $5,195.40 ",,
Quest Spring Hill,2 Bed 2 Bath Executive,13SIL_QSH_2BE_3N3P,13/04/2018,16/04/2018,6,3,3," $1,629.70 "," $4,889.10 ",,
Quest Spring Hill,2 Bed 2 Bath Executive,13SIL_QSH_2BE_3N4P,13/04/2018,16/04/2018,6,4,3," $1,731.80 "," $5,195.40 ",,
Quest Spring Hill,2 Bed 2 Bath Executive,8SIL_QSH_2BE_4N3P,08/04/2018,12/04/2018,6,3,4," $1,072.41 "," $4,289.64 ",,
Quest Spring Hill,2 Bed 2 Bath Executive,8SIL_QSH_2BE_4N4P,08/04/2018,12/04/2018,6,4,4," $1,152.47 "," $4,609.88 ",,
Quest Spring Hill,2 Bed 2 Bath Executive,12SIL_QSH_2BE_4N3P,12/04/2018,16/04/2018,6,3,4," $1,072.41 "," $4,289.64 ",,
Quest Spring Hill,2 Bed 2 Bath Executive,12SIL_QSH_2BE_4N4P,12/04/2018,16/04/2018,6,4,4," $1,152.47 "," $4,609.88 ",,
Quest Spring Hill,2 Bed 2 Bath Executive,8SIL_QSH_2BE_8N3P,08/04/2018,16/04/2018,6,3,8, $687.73 ," $5,501.85 ",,
Quest Spring Hill,2 Bed 2 Bath Executive,8SIL_QSH_2BE_8N4P,08/04/2018,16/04/2018,6,4,8, $829.24 ," $6,633.90 ",,
Quest Spring Hill,2 Bed 2 Bath Executive,7SIL_QSH_2BE_9N3P,07/04/2018,16/04/2018,6,3,9, $627.42 ," $5,646.76 ",,
Quest Spring Hill,2 Bed 2 Bath Executive,7SIL_QSH_2BE_9N4P,07/04/2018,16/04/2018,6,4,9, $752.83 ," $6,775.44 ",,
Seaworld Resort,Premium Twin / 2 Beds,31GLD_SEA_GC_4N1P,31/03/2018,04/04/2018,12,1,4, $916.70 ," $3,666.80 ",,
Seaworld Resort,Premium Twin / 2 Beds,4GLD_SEA_GC_8N1P,04/04/2018,12/04/2018,12,1,8, $722.80 ," $5,782.42 ",,
Seaworld Resort,Premium Twin / 2 Beds,4GLD_SEA_GC_9N1P,04/04/2018,13/04/2018,12,1,9, $656.05 ," $5,904.48 ",,
Seaworld Resort,Premium Twin / 2 Beds,31GLD_SEA_GC_12N1P,31/03/2018,12/04/2018,12,1,12, $575.44 ," $6,905.33 ",,
Seaworld Resort,Premium Twin / 2 Beds,1GLD_SEA_GC_15N1P,01/04/2018,16/04/2018,12,1,15, $540.10 ," $8,101.47 ",,
Seaworld Resort,Premium Twin / 2 Beds,31GLD_SEA_GC_4N2P,31/03/2018,04/04/2018,12,2,4," $1,064.25 "," $4,257.00 ",,
Seaworld Resort,Premium Twin / 2 Beds,4GLD_SEA_GC_8N2P,04/04/2018,12/04/2018,12,2,8, $808.13 ," $6,465.05 ",,
Seaworld Resort,Premium Twin / 2 Beds,4GLD_SEA_GC_9N2P,04/04/2018,13/04/2018,12,2,9, $732.49 ," $6,592.44 ",,
Seaworld Resort,Premium Twin / 2 Beds,31GLD_SEA_GC_12N2P,31/03/2018,12/04/2018,12,2,12, $636.42 ," $7,637.02 ",,
Seaworld Resort,Premium Twin / 2 Beds,1GLD_SEA_GC_15N2P,01/04/2018,16/04/2018,12,2,15, $592.36 ," $8,885.41 ",,
Seaworld Resort,Premium Twin / 2 Beds,4GLD_SEA_GC_4N1P,04/04/2018,08/04/2018,12,1,4, $916.70 ," $3,666.80 ",,
Seaworld Resort,Premium Twin / 2 Beds,4GLD_SEA_GC_4N2P,04/04/2018,08/04/2018,12,2,4," $1,064.25 "," $4,257.00 ",,
Seaworld Resort,Premium Twin / 2 Beds,8GLD_SEA_GC_4N1P,08/04/2018,12/04/2018,12,1,4, $916.70 ," $3,666.80 ",,
Seaworld Resort,Premium Twin / 2 Beds,8GLD_SEA_GC_4N2P,08/04/2018,12/04/2018,12,2,4," $1,064.25 "," $4,257.00 ",,
Seaworld Resort,Premium Twin / 2 Beds,12GLD_SEA_GC_4N1P,12/04/2018,16/04/2018,12,1,4, $916.70 ," $3,666.80 ",,
Seaworld Resort,Premium Twin / 2 Beds,12GLD_SEA_GC_4N2P,12/04/2018,16/04/2018,12,2,4," $1,064.25 "," $4,257.00 ",,
Seaworld Resort,Premium Twin / 2 Beds,8GLD_SEA_GC_8N1P,08/04/2018,16/04/2018,12,1,8, $722.80 ," $5,782.42 ",,
Seaworld Resort,Premium Twin / 2 Beds,8GLD_SEA_GC_8N2P,08/04/2018,16/04/2018,12,2,8, $808.13 ," $6,465.05 ",,
Seaworld Resort,Premium Twin / 2 Beds,7GLD_SEA_GC_9N1P,07/04/2018,16/04/2018,12,1,9, $656.05 ," $5,904.48 ",,
Seaworld Resort,Premium Twin / 2 Beds,7GLD_SEA_GC_9N2P,07/04/2018,16/04/2018,12,2,9, $732.49 ," $6,592.44 ",,
Seaworld Resort,Premium Twin / 2 Beds,4GLD_SEA_GC_12N1P,04/04/2018,16/04/2018,12,1,12, $575.44 ," $6,905.33 ",,
Seaworld Resort,Premium Twin / 2 Beds,4GLD_SEA_GC_12N2P,04/04/2018,16/04/2018,12,2,12, $636.42 ," $7,637.02 ",,
South Pacific Plaza,1 Bed Standard,4SIL_SPP_1BS_3N1P,04/04/2018,07/04/2018,1,1,3, $891.29 ," $2,673.88 ",,
South Pacific Plaza,1 Bed Standard,4SIL_SPP_1BS_4N1P,04/04/2018,08/04/2018,1,1,4, $731.30 ," $2,925.20 ",,
South Pacific Plaza,1 Bed Standard,4SIL_SPP_1BS_8N1P,04/04/2018,12/04/2018,1,1,8, $569.85 ," $4,558.78 ",,
South Pacific Plaza,1 Bed Standard,4SIL_SPP_1BS_9N1P,04/04/2018,13/04/2018,1,1,9, $517.00 ," $4,653.03 ",,
South Pacific Plaza,1 Bed Standard,4SIL_SPP_1BS_12N1P,04/04/2018,16/04/2018,1,1,12, $452.15 ," $5,425.83 ",,
South Pacific Plaza,1 Bed Standard,4SIL_SPP_1BS_3N2P,04/04/2018,07/04/2018,1,2,3," $1,073.57 "," $3,220.70 ",,
South Pacific Plaza,1 Bed Standard,4SIL_SPP_1BS_4N2P,04/04/2018,08/04/2018,1,2,4, $870.75 ," $3,483.00 ",,
South Pacific Plaza,1 Bed Standard,4SIL_SPP_1BS_8N2P,04/04/2018,12/04/2018,1,2,8, $648.49 ," $5,187.95 ",,
South Pacific Plaza,1 Bed Standard,4SIL_SPP_1BS_9N2P,04/04/2018,13/04/2018,1,2,9, $587.37 ," $5,286.31 ",,
South Pacific Plaza,1 Bed Standard,4SIL_SPP_1BS_12N2P,04/04/2018,16/04/2018,1,2,12, $507.74 ," $6,092.89 ",,
South Pacific Plaza,1 Bed Standard,13SIL_SPP_1BS_3N1P,13/04/2018,16/04/2018,1,1,3, $891.29 ," $2,673.88 ",,
South Pacific Plaza,1 Bed Standard,13SIL_SPP_1BS_3N2P,13/04/2018,16/04/2018,1,2,3," $1,073.57 "," $3,220.70 ",,
South Pacific Plaza,1 Bed Standard,8SIL_SPP_1BS_4N1P,08/04/2018,12/04/2018,1,1,4, $731.30 ," $2,925.20 ",,
South Pacific Plaza,1 Bed Standard,8SIL_SPP_1BS_4N2P,08/04/2018,12/04/2018,1,2,4, $870.75 ," $3,483.00 ",,
South Pacific Plaza,1 Bed Standard,12SIL_SPP_1BS_4N1P,12/04/2018,16/04/2018,1,1,4, $731.30 ," $2,925.20 ",,
South Pacific Plaza,1 Bed Standard,12SIL_SPP_1BS_4N2P,12/04/2018,16/04/2018,1,2,4, $870.75 ," $3,483.00 ",,
South Pacific Plaza,1 Bed Standard,8SIL_SPP_1BS_8N1P,08/04/2018,16/04/2018,1,1,8, $569.85 ," $4,558.78 ",,
South Pacific Plaza,1 Bed Standard,8SIL_SPP_1BS_8N2P,08/04/2018,16/04/2018,1,2,8, $648.49 ," $5,187.95 ",,
South Pacific Plaza,1 Bed Standard,7SIL_SPP_1BS_9N1P,07/04/2018,16/04/2018,1,1,9, $517.00 ," $4,653.03 ",,
South Pacific Plaza,1 Bed Standard,7SIL_SPP_1BS_9N2P,07/04/2018,16/04/2018,1,2,9, $587.37 ," $5,286.31 ",,
South Pacific Plaza,1 Bed Superior,4SIL_SPP_1BX_3N1P,04/04/2018,07/04/2018,1,1,3," $1,051.97 "," $3,155.92 ",,
South Pacific Plaza,1 Bed Superior,4SIL_SPP_1BX_4N1P,04/04/2018,08/04/2018,1,1,4, $865.20 ," $3,460.80 ",,
South Pacific Plaza,1 Bed Superior,4SIL_SPP_1BX_8N1P,04/04/2018,12/04/2018,1,1,8, $680.32 ," $5,442.52 ",,
South Pacific Plaza,1 Bed Superior,4SIL_SPP_1BX_9N1P,04/04/2018,13/04/2018,1,1,9, $617.43 ," $5,556.85 ",,
South Pacific Plaza,1 Bed Superior,4SIL_SPP_1BX_12N1P,04/04/2018,16/04/2018,1,1,12, $541.20 ," $6,494.36 ",,
South Pacific Plaza,1 Bed Superior,4SIL_SPP_1BX_3N2P,04/04/2018,07/04/2018,1,2,3," $1,241.27 "," $3,723.80 ",,
South Pacific Plaza,1 Bed Superior,4SIL_SPP_1BX_4N2P,04/04/2018,08/04/2018,1,2,4," $1,010.50 "," $4,042.00 ",,
South Pacific Plaza,1 Bed Superior,4SIL_SPP_1BX_8N2P,04/04/2018,12/04/2018,1,2,8, $763.79 ," $6,110.30 ",,
South Pacific Plaza,1 Bed Superior,4SIL_SPP_1BX_9N2P,04/04/2018,13/04/2018,1,2,9, $692.18 ," $6,229.63 ",,
South Pacific Plaza,1 Bed Superior,4SIL_SPP_1BX_12N2P,04/04/2018,16/04/2018,1,2,12, $600.67 ," $7,208.09 ",,
South Pacific Plaza,1 Bed Superior,13SIL_SPP_1BX_3N1P,13/04/2018,16/04/2018,1,1,3," $1,051.97 "," $3,155.92 ",,
South Pacific Plaza,1 Bed Superior,13SIL_SPP_1BX_3N2P,13/04/2018,16/04/2018,1,2,3," $1,241.27 "," $3,723.80 ",,
South Pacific Plaza,1 Bed Superior,8SIL_SPP_1BX_4N1P,08/04/2018,12/04/2018,1,1,4, $865.20 ," $3,460.80 ",,
South Pacific Plaza,1 Bed Superior,8SIL_SPP_1BX_4N2P,08/04/2018,12/04/2018,1,2,4," $1,010.50 "," $4,042.00 ",,
South Pacific Plaza,1 Bed Superior,12SIL_SPP_1BX_4N1P,12/04/2018,16/04/2018,1,1,4, $865.20 ," $3,460.80 ",,
South Pacific Plaza,1 Bed Superior,12SIL_SPP_1BX_4N2P,12/04/2018,16/04/2018,1,2,4," $1,010.50 "," $4,042.00 ",,
South Pacific Plaza,1 Bed Superior,8SIL_SPP_1BX_8N1P,08/04/2018,16/04/2018,1,1,8, $680.32 ," $5,442.52 ",,
South Pacific Plaza,1 Bed Superior,8SIL_SPP_1BX_8N2P,08/04/2018,16/04/2018,1,2,8, $763.79 ," $6,110.30 ",,
South Pacific Plaza,1 Bed Superior,7SIL_SPP_1BX_9N1P,07/04/2018,16/04/2018,1,1,9, $617.43 ," $5,556.85 ",,
South Pacific Plaza,1 Bed Superior,7SIL_SPP_1BX_9N2P,07/04/2018,16/04/2018,1,2,9, $692.18 ," $6,229.63 ",,
South Pacific Plaza,2 Bed Standard,4SIL_SPP_2BS_3N3P,04/04/2018,07/04/2018,1,3,3," $1,668.40 "," $5,005.20 ",,
South Pacific Plaza,2 Bed Standard,4SIL_SPP_2BS_4N3P,04/04/2018,08/04/2018,1,3,4," $1,096.50 "," $4,386.00 ",,
South Pacific Plaza,2 Bed Standard,4SIL_SPP_2BS_8N3P,04/04/2018,12/04/2018,1,3,8, $692.30 ," $5,538.40 ",,
South Pacific Plaza,2 Bed Standard,4SIL_SPP_2BS_9N3P,04/04/2018,13/04/2018,1,3,9, $628.28 ," $5,654.50 ",,
South Pacific Plaza,2 Bed Standard,4SIL_SPP_2BS_12N3P,04/04/2018,16/04/2018,1,3,12, $550.54 ," $6,606.52 ",,
South Pacific Plaza,2 Bed Standard,4SIL_SPP_2BS_3N4P,04/04/2018,07/04/2018,1,4,3," $1,769.60 "," $5,308.80 ",,
South Pacific Plaza,2 Bed Standard,4SIL_SPP_2BS_4N4P,04/04/2018,08/04/2018,1,4,4," $1,176.00 "," $4,704.00 ",,
South Pacific Plaza,2 Bed Standard,4SIL_SPP_2BS_8N4P,04/04/2018,12/04/2018,1,4,8, $833.70 ," $6,669.60 ",,
South Pacific Plaza,2 Bed Standard,4SIL_SPP_2BS_9N4P,04/04/2018,13/04/2018,1,4,9, $753.67 ," $6,783.00 ",,
South Pacific Plaza,2 Bed Standard,4SIL_SPP_2BS_12N4P,04/04/2018,16/04/2018,1,4,12, $642.74 ," $7,712.88 ",,
South Pacific Plaza,2 Bed Standard,13SIL_SPP_2BS_3N3P,13/04/2018,16/04/2018,1,3,3," $1,668.40 "," $5,005.20 ",,
South Pacific Plaza,2 Bed Standard,13SIL_SPP_2BS_3N4P,13/04/2018,16/04/2018,1,4,3," $1,769.60 "," $5,308.80 ",,
South Pacific Plaza,2 Bed Standard,8SIL_SPP_2BS_4N3P,08/04/2018,12/04/2018,1,3,4," $1,096.50 "," $4,386.00 ",,
South Pacific Plaza,2 Bed Standard,8SIL_SPP_2BS_4N4P,08/04/2018,12/04/2018,1,4,4," $1,176.00 "," $4,704.00 ",,
South Pacific Plaza,2 Bed Standard,12SIL_SPP_2BS_4N3P,12/04/2018,16/04/2018,1,3,4," $1,096.50 "," $4,386.00 ",,
South Pacific Plaza,2 Bed Standard,12SIL_SPP_2BS_4N4P,12/04/2018,16/04/2018,1,4,4," $1,176.00 "," $4,704.00 ",,
South Pacific Plaza,2 Bed Standard,8SIL_SPP_2BS_8N3P,08/04/2018,16/04/2018,1,3,8, $692.30 ," $5,538.40 ",,
South Pacific Plaza,2 Bed Standard,8SIL_SPP_2BS_8N4P,08/04/2018,16/04/2018,1,4,8, $833.70 ," $6,669.60 ",,
South Pacific Plaza,2 Bed Standard,7SIL_SPP_2BS_9N3P,07/04/2018,16/04/2018,1,3,9, $628.28 ," $5,654.50 ",,
South Pacific Plaza,2 Bed Standard,7SIL_SPP_2BS_9N4P,07/04/2018,16/04/2018,1,4,9, $753.67 ," $6,783.00 ",,
South Pacific Plaza,2 Bed Superior,4SIL_SPP_2BX_3N3P,04/04/2018,07/04/2018,1,3,3," $2,012.40 "," $6,037.20 ",,
South Pacific Plaza,2 Bed Superior,4SIL_SPP_2BX_4N3P,04/04/2018,08/04/2018,1,3,4," $1,240.55 "," $4,962.20 ",,
South Pacific Plaza,2 Bed Superior,4SIL_SPP_2BX_8N3P,04/04/2018,12/04/2018,1,3,8, $811.14 ," $6,489.13 ",,
South Pacific Plaza,2 Bed Superior,4SIL_SPP_2BX_9N3P,04/04/2018,13/04/2018,1,3,9, $736.32 ," $6,626.84 ",,
South Pacific Plaza,2 Bed Superior,4SIL_SPP_2BX_12N3P,04/04/2018,16/04/2018,1,3,12, $646.34 ," $7,756.04 ",,
South Pacific Plaza,2 Bed Superior,4SIL_SPP_2BX_3N4P,04/04/2018,07/04/2018,1,4,3," $2,105.60 "," $6,316.80 ",,
South Pacific Plaza,2 Bed Superior,4SIL_SPP_2BX_4N4P,04/04/2018,08/04/2018,1,4,4," $1,316.70 "," $5,266.80 ",,
South Pacific Plaza,2 Bed Superior,4SIL_SPP_2BX_8N4P,04/04/2018,12/04/2018,1,4,8, $949.78 ," $7,598.22 ",,
South Pacific Plaza,2 Bed Superior,4SIL_SPP_2BX_9N4P,04/04/2018,13/04/2018,1,4,9, $859.19 ," $7,732.73 ",,
South Pacific Plaza,2 Bed Superior,4SIL_SPP_2BX_12N4P,04/04/2018,16/04/2018,1,4,12, $736.31 ," $8,835.67 ",,
South Pacific Plaza,2 Bed Superior,13SIL_SPP_2BX_3N3P,13/04/2018,16/04/2018,1,3,3," $2,012.40 "," $6,037.20 ",,
South Pacific Plaza,2 Bed Superior,13SIL_SPP_2BX_3N4P,13/04/2018,16/04/2018,1,4,3," $2,105.60 "," $6,316.80 ",,
South Pacific Plaza,2 Bed Superior,8SIL_SPP_2BX_4N3P,08/04/2018,12/04/2018,1,3,4," $1,240.55 "," $4,962.20 ",,
South Pacific Plaza,2 Bed Superior,8SIL_SPP_2BX_4N4P,08/04/2018,12/04/2018,1,4,4," $1,316.70 "," $5,266.80 ",,
South Pacific Plaza,2 Bed Superior,12SIL_SPP_2BX_4N3P,12/04/2018,16/04/2018,1,3,4," $1,240.55 "," $4,962.20 ",,
South Pacific Plaza,2 Bed Superior,12SIL_SPP_2BX_4N4P,12/04/2018,16/04/2018,1,4,4," $1,316.70 "," $5,266.80 ",,
South Pacific Plaza,2 Bed Superior,8SIL_SPP_2BX_8N3P,08/04/2018,16/04/2018,1,3,8, $811.14 ," $6,489.13 ",,
South Pacific Plaza,2 Bed Superior,8SIL_SPP_2BX_8N4P,08/04/2018,16/04/2018,1,4,8, $949.78 ," $7,598.22 ",,
South Pacific Plaza,2 Bed Superior,7SIL_SPP_2BX_9N3P,07/04/2018,16/04/2018,1,3,9, $736.32 ," $6,626.84 ",,
South Pacific Plaza,2 Bed Superior,7SIL_SPP_2BX_9N4P,07/04/2018,16/04/2018,1,4,9, $859.19 ," $7,732.73 ",,
Swiss-Belhotel Brisbane,Superior Room,4SIL_SWB_BNE_3N1P,04/04/2018,07/04/2018,10,1,3, $720.31 ," $2,160.94 ",,
Swiss-Belhotel Brisbane,Superior Room,4SIL_SWB_BNE_4N1P,04/04/2018,08/04/2018,10,1,4, $588.65 ," $2,354.58 ",,
Swiss-Belhotel Brisbane,Superior Room,4SIL_SWB_BNE_8N1P,04/04/2018,12/04/2018,10,1,8, $463.24 ," $3,705.94 ",,
Swiss-Belhotel Brisbane,Superior Room,4SIL_SWB_BNE_9N1P,04/04/2018,13/04/2018,10,1,9, $415.29 ," $3,737.61 ",,
Swiss-Belhotel Brisbane,Superior Room,4SIL_SWB_BNE_12N1P,04/04/2018,16/04/2018,10,1,12, $351.06 ," $4,212.70 ",,
Swiss-Belhotel Brisbane,Superior Room,4SIL_SWB_BNE_3N2P,04/04/2018,07/04/2018,10,2,3, $895.12 ," $2,685.35 ",,
Swiss-Belhotel Brisbane,Superior Room,4SIL_SWB_BNE_4N2P,04/04/2018,08/04/2018,10,2,4, $721.86 ," $2,887.45 ",,
Swiss-Belhotel Brisbane,Superior Room,4SIL_SWB_BNE_8N2P,04/04/2018,12/04/2018,10,2,8, $537.23 ," $4,297.85 ",,
Swiss-Belhotel Brisbane,Superior Room,4SIL_SWB_BNE_9N2P,04/04/2018,13/04/2018,10,2,9, $481.21 ," $4,330.91 ",,
Swiss-Belhotel Brisbane,Superior Room,4SIL_SWB_BNE_12N2P,04/04/2018,16/04/2018,10,2,12, $402.23 ," $4,826.75 ",,
Swiss-Belhotel Brisbane,Superior Room,13SIL_SWB_BNE_3N1P,13/04/2018,16/04/2018,10,1,3, $720.31 ," $2,160.94 ",,
Swiss-Belhotel Brisbane,Superior Room,13SIL_SWB_BNE_3N2P,13/04/2018,16/04/2018,10,2,3, $895.12 ," $2,685.35 ",,
Swiss-Belhotel Brisbane,Superior Room,8SIL_SWB_BNE_4N1P,08/04/2018,12/04/2018,10,1,4, $588.65 ," $2,354.58 ",,
Swiss-Belhotel Brisbane,Superior Room,8SIL_SWB_BNE_4N2P,08/04/2018,12/04/2018,10,2,4, $721.86 ," $2,887.45 ",,
Swiss-Belhotel Brisbane,Superior Room,12SIL_SWB_BNE_4N1P,12/04/2018,16/04/2018,10,1,4, $588.65 ," $2,354.58 ",,
Swiss-Belhotel Brisbane,Superior Room,12SIL_SWB_BNE_4N2P,12/04/2018,16/04/2018,10,2,4, $721.86 ," $2,887.45 ",,
Swiss-Belhotel Brisbane,Superior Room,8SIL_SWB_BNE_8N1P,08/04/2018,16/04/2018,10,1,8, $463.24 ," $3,705.94 ",,
Swiss-Belhotel Brisbane,Superior Room,8SIL_SWB_BNE_8N2P,08/04/2018,16/04/2018,10,2,8, $537.23 ," $4,297.85 ",,
Swiss-Belhotel Brisbane,Superior Room,7SIL_SWB_BNE_9N1P,07/04/2018,16/04/2018,10,1,9, $415.29 ," $3,737.61 ",,
Swiss-Belhotel Brisbane,Superior Room,7SIL_SWB_BNE_9N2P,07/04/2018,16/04/2018,10,2,9, $481.21 ," $4,330.91 ",,
Synergy Broadbeach,2 Bedroom,4SIL_SYN_2BS_3N3P,04/04/2018,07/04/2018,5,3,3," $1,737.20 "," $5,211.60 ",,
Synergy Broadbeach,2 Bedroom,4SIL_SYN_2BS_4N3P,04/04/2018,08/04/2018,5,3,4," $1,139.50 "," $4,558.00 ",,
Synergy Broadbeach,2 Bedroom,4SIL_SYN_2BS_8N3P,04/04/2018,12/04/2018,5,3,8, $727.78 ," $5,822.20 ",,
Synergy Broadbeach,2 Bedroom,4SIL_SYN_2BS_9N3P,04/04/2018,13/04/2018,5,3,9, $660.53 ," $5,944.75 ",,
Synergy Broadbeach,2 Bedroom,4SIL_SYN_2BS_12N3P,04/04/2018,16/04/2018,5,3,12, $579.14 ," $6,949.66 ",,
Synergy Broadbeach,2 Bedroom,4SIL_SYN_2BS_3N4P,04/04/2018,07/04/2018,5,4,3," $1,836.80 "," $5,510.40 ",,
Synergy Broadbeach,2 Bedroom,4SIL_SYN_2BS_4N4P,04/04/2018,08/04/2018,5,4,4," $1,218.00 "," $4,872.00 ",,
Synergy Broadbeach,2 Bedroom,4SIL_SYN_2BS_8N4P,04/04/2018,12/04/2018,5,4,8, $868.35 ," $6,946.80 ",,
Synergy Broadbeach,2 Bedroom,4SIL_SYN_2BS_9N4P,04/04/2018,13/04/2018,5,4,9, $785.17 ," $7,066.50 ",,
Synergy Broadbeach,2 Bedroom,4SIL_SYN_2BS_12N4P,04/04/2018,16/04/2018,5,4,12, $670.67 ," $8,048.04 ",,
Synergy Broadbeach,2 Bedroom,13SIL_SYN_2BS_3N3P,13/04/2018,16/04/2018,5,3,3," $1,737.20 "," $5,211.60 ",,
Synergy Broadbeach,2 Bedroom,13SIL_SYN_2BS_3N4P,13/04/2018,16/04/2018,5,4,3," $1,836.80 "," $5,510.40 ",,
Synergy Broadbeach,2 Bedroom,8SIL_SYN_2BS_4N3P,08/04/2018,12/04/2018,5,3,4," $1,139.50 "," $4,558.00 ",,
Synergy Broadbeach,2 Bedroom,8SIL_SYN_2BS_4N4P,08/04/2018,12/04/2018,5,4,4," $1,218.00 "," $4,872.00 ",,
Synergy Broadbeach,2 Bedroom,12SIL_SYN_2BS_4N3P,12/04/2018,16/04/2018,5,3,4," $1,139.50 "," $4,558.00 ",,
Synergy Broadbeach,2 Bedroom,12SIL_SYN_2BS_4N4P,12/04/2018,16/04/2018,5,4,4," $1,218.00 "," $4,872.00 ",,
Synergy Broadbeach,2 Bedroom,8SIL_SYN_2BS_8N3P,08/04/2018,16/04/2018,5,3,8, $727.78 ," $5,822.20 ",,
Synergy Broadbeach,2 Bedroom,8SIL_SYN_2BS_8N4P,08/04/2018,16/04/2018,5,4,8, $868.35 ," $6,946.80 ",,
Synergy Broadbeach,2 Bedroom,7SIL_SYN_2BS_9N3P,07/04/2018,16/04/2018,5,3,9, $660.53 ," $5,944.75 ",,
Synergy Broadbeach,2 Bedroom,7SIL_SYN_2BS_9N4P,07/04/2018,16/04/2018,5,4,9, $785.17 ," $7,066.50 ",,
Synergy Broadbeach,2 Bedroom Superior,4SIL_SYN_2BX_3N3P,04/04/2018,07/04/2018,2,3,3," $1,748.67 "," $5,246.00 ",,
Synergy Broadbeach,2 Bedroom Superior,4SIL_SYN_2BX_4N3P,04/04/2018,08/04/2018,2,3,4," $1,311.50 "," $5,246.00 ",,
Synergy Broadbeach,2 Bedroom Superior,4SIL_SYN_2BX_8N3P,04/04/2018,12/04/2018,2,3,8, $869.68 ," $6,957.40 ",,
Synergy Broadbeach,2 Bedroom Superior,4SIL_SYN_2BX_9N3P,04/04/2018,13/04/2018,2,3,9, $789.53 ," $7,105.75 ",,
Synergy Broadbeach,2 Bedroom Superior,4SIL_SYN_2BX_12N3P,04/04/2018,16/04/2018,2,3,12, $693.52 ," $8,322.22 ",,
Synergy Broadbeach,2 Bedroom Superior,4SIL_SYN_2BX_3N4P,04/04/2018,07/04/2018,2,4,3," $1,848.00 "," $5,544.00 ",,
Synergy Broadbeach,2 Bedroom Superior,4SIL_SYN_2BX_4N4P,04/04/2018,08/04/2018,2,4,4," $1,386.00 "," $5,544.00 ",,
Synergy Broadbeach,2 Bedroom Superior,4SIL_SYN_2BX_8N4P,04/04/2018,12/04/2018,2,4,8," $1,006.95 "," $8,055.60 ",,
Synergy Broadbeach,2 Bedroom Superior,4SIL_SYN_2BX_9N4P,04/04/2018,13/04/2018,2,4,9, $911.17 ," $8,200.50 ",,
Synergy Broadbeach,2 Bedroom Superior,4SIL_SYN_2BX_12N4P,04/04/2018,16/04/2018,2,4,12, $782.39 ," $9,388.68 ",,
Synergy Broadbeach,2 Bedroom Superior,13SIL_SYN_2BX_3N3P,13/04/2018,16/04/2018,2,3,3," $1,748.67 "," $5,246.00 ",,
Synergy Broadbeach,2 Bedroom Superior,13SIL_SYN_2BX_3N4P,13/04/2018,16/04/2018,2,4,3," $1,848.00 "," $5,544.00 ",,
Synergy Broadbeach,2 Bedroom Superior,8SIL_SYN_2BX_4N3P,08/04/2018,12/04/2018,2,3,4," $1,311.50 "," $5,246.00 ",,
Synergy Broadbeach,2 Bedroom Superior,8SIL_SYN_2BX_4N4P,08/04/2018,12/04/2018,2,4,4," $1,386.00 "," $5,544.00 ",,
Synergy Broadbeach,2 Bedroom Superior,12SIL_SYN_2BX_4N3P,12/04/2018,16/04/2018,2,3,4," $1,311.50 "," $5,246.00 ",,
Synergy Broadbeach,2 Bedroom Superior,12SIL_SYN_2BX_4N4P,12/04/2018,16/04/2018,2,4,4," $1,386.00 "," $5,544.00 ",,
Synergy Broadbeach,2 Bedroom Superior,8SIL_SYN_2BX_8N3P,08/04/2018,16/04/2018,2,3,8, $869.68 ," $6,957.40 ",,
Synergy Broadbeach,2 Bedroom Superior,8SIL_SYN_2BX_8N4P,08/04/2018,16/04/2018,2,4,8," $1,006.95 "," $8,055.60 ",,
Synergy Broadbeach,2 Bedroom Superior,7SIL_SYN_2BX_9N3P,07/04/2018,16/04/2018,2,3,9, $789.53 ," $7,105.75 ",,
Synergy Broadbeach,2 Bedroom Superior,7SIL_SYN_2BX_9N4P,07/04/2018,16/04/2018,2,4,9, $911.17 ," $8,200.50 ",,
Synergy Broadbeach,3 Bedroom,4SIL_SYN_3BS_3N6P,04/04/2018,07/04/2018,1,6,3," $2,478.00 "," $7,434.00 ",,
Synergy Broadbeach,3 Bedroom,4SIL_SYN_3BS_4N6P,04/04/2018,08/04/2018,1,6,4," $1,995.00 "," $7,980.00 ",,
Synergy Broadbeach,3 Bedroom,4SIL_SYN_3BS_8N6P,04/04/2018,12/04/2018,1,6,8," $1,441.13 "," $11,529.00 ",,
Synergy Broadbeach,3 Bedroom,4SIL_SYN_3BS_9N6P,04/04/2018,13/04/2018,1,6,9," $1,303.75 "," $11,733.75 ",,
Synergy Broadbeach,3 Bedroom,4SIL_SYN_3BS_12N6P,04/04/2018,16/04/2018,1,6,12," $1,117.73 "," $13,412.70 ",,
Synergy Broadbeach,3 Bedroom,13SIL_SYN_3BS_3N6P,13/04/2018,16/04/2018,1,6,3," $2,478.00 "," $7,434.00 ",,
Synergy Broadbeach,3 Bedroom,8SIL_SYN_3BS_4N6P,08/04/2018,12/04/2018,1,6,4," $1,995.00 "," $7,980.00 ",,
Synergy Broadbeach,3 Bedroom,12SIL_SYN_3BS_4N6P,12/04/2018,16/04/2018,1,6,4," $1,995.00 "," $7,980.00 ",,
Synergy Broadbeach,3 Bedroom,8SIL_SYN_3BS_8N6P,08/04/2018,16/04/2018,1,6,8," $1,441.13 "," $11,529.00 ",,
Synergy Broadbeach,3 Bedroom,7SIL_SYN_3BS_9N6P,07/04/2018,16/04/2018,1,6,9," $1,303.75 "," $11,733.75 ",,
The Bay Apartments,2 Bedroom Deluxe,4BRZ_BAY_2BD_3N3P,04/04/2018,07/04/2018,5,3,3," $1,279.97 "," $3,839.90 ",,
The Bay Apartments,2 Bedroom Deluxe,4BRZ_BAY_2BD_4N3P,04/04/2018,08/04/2018,5,3,4, $854.09 ," $3,416.35 ",,
The Bay Apartments,2 Bedroom Deluxe,4BRZ_BAY_2BD_8N3P,04/04/2018,12/04/2018,5,3,8, $504.44 ," $4,035.55 ",,
The Bay Apartments,2 Bedroom Deluxe,4BRZ_BAY_2BD_9N3P,04/04/2018,13/04/2018,5,3,9, $452.25 ," $4,070.22 ",,
The Bay Apartments,2 Bedroom Deluxe,4BRZ_BAY_2BD_12N3P,04/04/2018,16/04/2018,5,3,12, $382.52 ," $4,590.25 ",,
The Bay Apartments,2 Bedroom Deluxe,4BRZ_BAY_2BD_3N4P,04/04/2018,07/04/2018,5,4,3," $1,390.20 "," $4,170.60 ",,
The Bay Apartments,2 Bedroom Deluxe,4BRZ_BAY_2BD_4N4P,04/04/2018,08/04/2018,5,4,4, $939.23 ," $3,756.90 ",,
The Bay Apartments,2 Bedroom Deluxe,4BRZ_BAY_2BD_8N4P,04/04/2018,12/04/2018,5,4,8, $650.21 ," $5,201.70 ",,
The Bay Apartments,2 Bedroom Deluxe,4BRZ_BAY_2BD_9N4P,04/04/2018,13/04/2018,5,4,9, $581.73 ," $5,235.56 ",,
The Bay Apartments,2 Bedroom Deluxe,4BRZ_BAY_2BD_12N4P,04/04/2018,16/04/2018,5,4,12, $478.63 ," $5,743.50 ",,
The Bay Apartments,2 Bedroom Deluxe,13BRZ_BAY_2BD_3N3P,13/04/2018,16/04/2018,5,3,3," $1,279.97 "," $3,839.90 ",,
The Bay Apartments,2 Bedroom Deluxe,13BRZ_BAY_2BD_3N4P,13/04/2018,16/04/2018,5,4,3," $1,390.20 "," $4,170.60 ",,
The Bay Apartments,2 Bedroom Deluxe,8BRZ_BAY_2BD_4N3P,08/04/2018,12/04/2018,5,3,4, $854.09 ," $3,416.35 ",,
The Bay Apartments,2 Bedroom Deluxe,8BRZ_BAY_2BD_4N4P,08/04/2018,12/04/2018,5,4,4, $939.23 ," $3,756.90 ",,
The Bay Apartments,2 Bedroom Deluxe,12BRZ_BAY_2BD_4N3P,12/04/2018,16/04/2018,5,3,4, $854.09 ," $3,416.35 ",,
The Bay Apartments,2 Bedroom Deluxe,12BRZ_BAY_2BD_4N4P,12/04/2018,16/04/2018,5,4,4, $939.23 ," $3,756.90 ",,
The Bay Apartments,2 Bedroom Deluxe,8BRZ_BAY_2BD_8N3P,08/04/2018,16/04/2018,5,3,8, $504.44 ," $4,035.55 ",,
The Bay Apartments,2 Bedroom Deluxe,8BRZ_BAY_2BD_8N4P,08/04/2018,16/04/2018,5,4,8, $650.21 ," $5,201.70 ",,
The Bay Apartments,2 Bedroom Deluxe,7BRZ_BAY_2BD_9N3P,07/04/2018,16/04/2018,5,3,9, $452.25 ," $4,070.22 ",,
The Bay Apartments,2 Bedroom Deluxe,7BRZ_BAY_2BD_9N4P,07/04/2018,16/04/2018,5,4,9, $581.73 ," $5,235.56 ",,
The Chancellor Executive,1 Bedroom,4BRZ_CE_GC_3N1P,04/04/2018,07/04/2018,5,1,3, $648.21 ," $1,944.64 ",,
The Chancellor Executive,1 Bedroom,4BRZ_CE_GC_4N1P,04/04/2018,08/04/2018,5,1,4, $528.80 ," $2,115.21 ",,
The Chancellor Executive,1 Bedroom,4BRZ_CE_GC_8N1P,04/04/2018,12/04/2018,5,1,8, $429.10 ," $3,432.78 ",,
The Chancellor Executive,1 Bedroom,4BRZ_CE_GC_9N1P,04/04/2018,13/04/2018,5,1,9, $391.24 ," $3,521.16 ",,
The Chancellor Executive,1 Bedroom,4BRZ_CE_GC_12N1P,04/04/2018,16/04/2018,5,1,12, $323.56 ," $3,882.69 ",,
The Chancellor Executive,1 Bedroom,1BRZ_CE_GC_15N1P,01/04/2018,16/04/2018,5,1,15, $268.49 ," $4,027.30 ",,
The Chancellor Executive,1 Bedroom,4BRZ_CE_GC_3N2P,04/04/2018,07/04/2018,5,2,3, $819.87 ," $2,459.60 ",,
The Chancellor Executive,1 Bedroom,4BRZ_CE_GC_4N2P,04/04/2018,08/04/2018,5,2,4, $659.41 ," $2,637.62 ",,
The Chancellor Executive,1 Bedroom,4BRZ_CE_GC_8N2P,04/04/2018,12/04/2018,5,2,8, $501.60 ," $4,012.76 ",,
The Chancellor Executive,1 Bedroom,4BRZ_CE_GC_9N2P,04/04/2018,13/04/2018,5,2,9, $456.11 ," $4,105.00 ",,
The Chancellor Executive,1 Bedroom,4BRZ_CE_GC_12N2P,04/04/2018,16/04/2018,5,2,12, $373.53 ," $4,482.32 ",,
The Chancellor Executive,1 Bedroom,1BRZ_CE_GC_15N2P,01/04/2018,16/04/2018,5,2,15, $308.88 ," $4,633.25 ",,
The Chancellor Executive,1 Bedroom,1BRZ_CE_GC_3N1P,01/04/2018,04/04/2018,5,1,3, $648.21 ," $1,944.64 ",,
The Chancellor Executive,1 Bedroom,1BRZ_CE_GC_3N2P,01/04/2018,04/04/2018,5,2,3, $819.87 ," $2,459.60 ",,
The Chancellor Executive,1 Bedroom,13BRZ_CE_GC_3N1P,13/04/2018,16/04/2018,5,1,3, $648.21 ," $1,944.64 ",,
The Chancellor Executive,1 Bedroom,13BRZ_CE_GC_3N2P,13/04/2018,16/04/2018,5,2,3, $819.87 ," $2,459.60 ",,
The Chancellor Executive,1 Bedroom,8BRZ_CE_GC_4N1P,08/04/2018,12/04/2018,5,1,4, $528.80 ," $2,115.21 ",,
The Chancellor Executive,1 Bedroom,8BRZ_CE_GC_4N2P,08/04/2018,12/04/2018,5,2,4, $659.41 ," $2,637.62 ",,
The Chancellor Executive,1 Bedroom,12BRZ_CE_GC_4N1P,12/04/2018,16/04/2018,5,1,4, $528.80 ," $2,115.21 ",,
The Chancellor Executive,1 Bedroom,12BRZ_CE_GC_4N2P,12/04/2018,16/04/2018,5,2,4, $659.41 ," $2,637.62 ",,
The Chancellor Executive,1 Bedroom,8BRZ_CE_GC_8N1P,08/04/2018,16/04/2018,5,1,8, $429.10 ," $3,432.78 ",,
The Chancellor Executive,1 Bedroom,8BRZ_CE_GC_8N2P,08/04/2018,16/04/2018,5,2,8, $501.60 ," $4,012.76 ",,
The Chancellor Executive,1 Bedroom,7BRZ_CE_GC_9N1P,07/04/2018,16/04/2018,5,1,9, $391.24 ," $3,521.16 ",,
The Chancellor Executive,1 Bedroom,7BRZ_CE_GC_9N2P,07/04/2018,16/04/2018,5,2,9, $456.11 ," $4,105.00 ",,
The Chancellor Lakeside,1 Bedroom,4BRZ_CL_GC_3N1P,04/04/2018,07/04/2018,10,1,3, $648.21 ," $1,944.64 ",,
The Chancellor Lakeside,1 Bedroom,4BRZ_CL_GC_4N1P,04/04/2018,08/04/2018,10,1,4, $528.80 ," $2,115.21 ",,
The Chancellor Lakeside,1 Bedroom,4BRZ_CL_GC_8N1P,04/04/2018,12/04/2018,10,1,8, $429.10 ," $3,432.78 ",,
The Chancellor Lakeside,1 Bedroom,4BRZ_CL_GC_9N1P,04/04/2018,13/04/2018,10,1,9, $391.24 ," $3,521.16 ",,
The Chancellor Lakeside,1 Bedroom,4BRZ_CL_GC_12N1P,04/04/2018,16/04/2018,10,1,12, $323.56 ," $3,882.69 ",,
The Chancellor Lakeside,1 Bedroom,1BRZ_CL_GC_15N1P,01/04/2018,16/04/2018,10,1,15, $268.49 ," $4,027.30 ",,
The Chancellor Lakeside,1 Bedroom,4BRZ_CL_GC_3N2P,04/04/2018,07/04/2018,10,2,3, $819.87 ," $2,459.60 ",,
The Chancellor Lakeside,1 Bedroom,4BRZ_CL_GC_4N2P,04/04/2018,08/04/2018,10,2,4, $659.41 ," $2,637.62 ",,
The Chancellor Lakeside,1 Bedroom,4BRZ_CL_GC_8N2P,04/04/2018,12/04/2018,10,2,8, $501.60 ," $4,012.76 ",,
The Chancellor Lakeside,1 Bedroom,4BRZ_CL_GC_9N2P,04/04/2018,13/04/2018,10,2,9, $456.11 ," $4,105.00 ",,
The Chancellor Lakeside,1 Bedroom,4BRZ_CL_GC_12N2P,04/04/2018,16/04/2018,10,2,12, $373.53 ," $4,482.32 ",,
The Chancellor Lakeside,1 Bedroom,1BRZ_CL_GC_15N2P,01/04/2018,16/04/2018,10,2,15, $308.88 ," $4,633.25 ",,
The Chancellor Lakeside,1 Bedroom,1BRZ_CL_GC_3N1P,01/04/2018,04/04/2018,10,1,3, $648.21 ," $1,944.64 ",,
The Chancellor Lakeside,1 Bedroom,1BRZ_CL_GC_3N2P,01/04/2018,04/04/2018,10,2,3, $819.87 ," $2,459.60 ",,
The Chancellor Lakeside,1 Bedroom,13BRZ_CL_GC_3N1P,13/04/2018,16/04/2018,10,1,3, $648.21 ," $1,944.64 ",,
The Chancellor Lakeside,1 Bedroom,13BRZ_CL_GC_3N2P,13/04/2018,16/04/2018,10,2,3, $819.87 ," $2,459.60 ",,
The Chancellor Lakeside,1 Bedroom,8BRZ_CL_GC_4N1P,08/04/2018,12/04/2018,10,1,4, $528.80 ," $2,115.21 ",,
The Chancellor Lakeside,1 Bedroom,8BRZ_CL_GC_4N2P,08/04/2018,12/04/2018,10,2,4, $659.41 ," $2,637.62 ",,
The Chancellor Lakeside,1 Bedroom,12BRZ_CL_GC_4N1P,12/04/2018,16/04/2018,10,1,4, $528.80 ," $2,115.21 ",,
The Chancellor Lakeside,1 Bedroom,12BRZ_CL_GC_4N2P,12/04/2018,16/04/2018,10,2,4, $659.41 ," $2,637.62 ",,
The Chancellor Lakeside,1 Bedroom,8BRZ_CL_GC_8N1P,08/04/2018,16/04/2018,10,1,8, $429.10 ," $3,432.78 ",,
The Chancellor Lakeside,1 Bedroom,8BRZ_CL_GC_8N2P,08/04/2018,16/04/2018,10,2,8, $501.60 ," $4,012.76 ",,
The Chancellor Lakeside,1 Bedroom,7BRZ_CL_GC_9N1P,07/04/2018,16/04/2018,10,1,9, $391.24 ," $3,521.16 ",,
The Chancellor Lakeside,1 Bedroom,7BRZ_CL_GC_9N2P,07/04/2018,16/04/2018,10,2,9, $456.11 ," $4,105.00 ",,
The Star,Superior King / 1Bed,4GLD_STA_K_4N1P,04/04/2018,08/04/2018,10,1,4, $986.74 ," $3,946.96 ",,
The Star,Superior King / 1Bed,4GLD_STA_K_8N1P,04/04/2018,12/04/2018,10,1,8, $780.59 ," $6,244.68 ",,
The Star,Superior King / 1Bed,4GLD_STA_K_9N1P,04/04/2018,13/04/2018,10,1,9, $708.58 ," $6,377.25 ",,
The Star,Superior King / 1Bed,4GLD_STA_K_12N1P,04/04/2018,16/04/2018,10,1,12, $622.02 ," $7,464.25 ",,
The Star,Superior King / 1Bed,4GLD_STA_K_4N2P,04/04/2018,08/04/2018,10,2,4," $1,137.35 "," $4,549.40 ",,
The Star,Superior King / 1Bed,4GLD_STA_K_8N2P,04/04/2018,12/04/2018,10,2,8, $868.44 ," $6,947.51 ",,
The Star,Superior King / 1Bed,4GLD_STA_K_9N2P,04/04/2018,13/04/2018,10,2,9, $787.32 ," $7,085.86 ",,
The Star,Superior King / 1Bed,4GLD_STA_K_12N2P,04/04/2018,16/04/2018,10,2,12, $685.03 ," $8,220.35 ",,
The Star,Superior King / 1Bed,8GLD_STA_K_4N1P,08/04/2018,12/04/2018,10,1,4, $986.74 ," $3,946.96 ",,
The Star,Superior King / 1Bed,8GLD_STA_K_4N2P,08/04/2018,12/04/2018,10,2,4," $1,137.35 "," $4,549.40 ",,
The Star,Superior King / 1Bed,12GLD_STA_K_4N1P,12/04/2018,16/04/2018,10,1,4, $986.74 ," $3,946.96 ",,
The Star,Superior King / 1Bed,12GLD_STA_K_4N2P,12/04/2018,16/04/2018,10,2,4," $1,137.35 "," $4,549.40 ",,
The Star,Superior King / 1Bed,8GLD_STA_K_8N1P,08/04/2018,16/04/2018,10,1,8, $780.59 ," $6,244.68 ",,
The Star,Superior King / 1Bed,8GLD_STA_K_8N2P,08/04/2018,16/04/2018,10,2,8, $868.44 ," $6,947.51 ",,
The Star,Superior King / 1Bed,7GLD_STA_K_9N1P,07/04/2018,16/04/2018,10,1,9, $708.58 ," $6,377.25 ",,
The Star,Superior King / 1Bed,7GLD_STA_K_9N2P,07/04/2018,16/04/2018,10,2,9, $787.32 ," $7,085.86 ",,
The Star,Superior Twin / 2 Beds,4GLD_STA_T_4N1P,04/04/2018,08/04/2018,2,1,4, $986.74 ," $3,946.96 ",,
The Star,Superior Twin / 2 Beds,4GLD_STA_T_8N1P,04/04/2018,12/04/2018,2,1,8, $780.59 ," $6,244.68 ",,
The Star,Superior Twin / 2 Beds,4GLD_STA_T_9N1P,04/04/2018,13/04/2018,2,1,9, $708.58 ," $6,377.25 ",,
The Star,Superior Twin / 2 Beds,4GLD_STA_T_12N1P,04/04/2018,16/04/2018,2,1,12, $622.02 ," $7,464.25 ",,
The Star,Superior Twin / 2 Beds,4GLD_STA_T_4N2P,04/04/2018,08/04/2018,2,2,4," $1,137.35 "," $4,549.40 ",,
The Star,Superior Twin / 2 Beds,4GLD_STA_T_8N2P,04/04/2018,12/04/2018,2,2,8, $868.44 ," $6,947.51 ",,
The Star,Superior Twin / 2 Beds,4GLD_STA_T_9N2P,04/04/2018,13/04/2018,2,2,9, $787.32 ," $7,085.86 ",,
The Star,Superior Twin / 2 Beds,4GLD_STA_T_12N2P,04/04/2018,16/04/2018,2,2,12, $685.03 ," $8,220.35 ",,
The Star,Superior Twin / 2 Beds,8GLD_STA_T_4N1P,08/04/2018,12/04/2018,2,1,4, $986.74 ," $3,946.96 ",,
The Star,Superior Twin / 2 Beds,8GLD_STA_T_4N2P,08/04/2018,12/04/2018,2,2,4," $1,137.35 "," $4,549.40 ",,
The Star,Superior Twin / 2 Beds,12GLD_STA_T_4N1P,12/04/2018,16/04/2018,2,1,4, $986.74 ," $3,946.96 ",,
The Star,Superior Twin / 2 Beds,12GLD_STA_T_4N2P,12/04/2018,16/04/2018,2,2,4," $1,137.35 "," $4,549.40 ",,
The Star,Superior Twin / 2 Beds,8GLD_STA_T_8N1P,08/04/2018,16/04/2018,2,1,8, $780.59 ," $6,244.68 ",,
The Star,Superior Twin / 2 Beds,8GLD_STA_T_8N2P,08/04/2018,16/04/2018,2,2,8, $868.44 ," $6,947.51 ",,
The Star,Superior Twin / 2 Beds,7GLD_STA_T_9N1P,07/04/2018,16/04/2018,2,1,9, $708.58 ," $6,377.25 ",,
The Star,Superior Twin / 2 Beds,7GLD_STA_T_9N2P,07/04/2018,16/04/2018,2,2,9, $787.32 ," $7,085.86 ",,
